,ID,Is_It_Dog?,Type_of_Object,Hour,Num_of_Retweet,Num_of_Favorite
0,666020888022790149,1,0,22.0,532.0,2535.0
1,666029285002620928,1,0,23.0,48.0,132.0
2,666033412701032449,1,0,23.0,47.0,128.0
3,666044226329800704,1,0,0.0,147.0,311.0
4,666049248165822465,1,0,0.0,41.0,111.0
5,666050758794694657,1,0,0.0,60.0,136.0
6,666051853826850816,0,0,0.0,879.0,1253.0
7,666055525042405380,1,0,0.0,261.0,448.0
8,666057090499244032,0,0,0.0,146.0,304.0
9,666058600524156928,1,0,1.0,61.0,115.0
10,666063827256086533,1,0,1.0,232.0,496.0
11,666071193221509120,1,0,1.0,67.0,154.0
12,666073100786774016,1,0,1.0,174.0,335.0
13,666082916733198337,1,0,2.0,47.0,121.0
14,666094000022159362,1,0,3.0,79.0,169.0
15,666099513787052032,1,0,3.0,73.0,164.0
16,666102155909144576,1,0,3.0,16.0,81.0
17,666104133288665088,0,0,4.0,6871.0,14765.0
18,666268910803644416,0,0,14.0,37.0,108.0
19,666273097616637952,1,0,15.0,82.0,184.0
20,666287406224695296,1,0,16.0,71.0,152.0
21,666293911632134144,0,0,16.0,368.0,522.0
22,666337882303524864,0,0,19.0,96.0,204.0
23,666345417576210432,1,0,20.0,146.0,307.0
24,666353288456101888,1,0,20.0,77.0,229.0
25,666362758909284353,0,0,21.0,595.0,804.0
26,666373753744588802,1,0,21.0,100.0,194.0
27,666396247373291520,1,0,23.0,92.0,172.0
28,666407126856765440,1,0,0.0,44.0,113.0
29,666411507551481857,0,0,0.0,339.0,459.0
30,666418789513326592,1,0,0.0,48.0,129.0
31,666421158376562688,1,0,1.0,118.0,327.0
32,666428276349472768,1,0,1.0,90.0,171.0
33,666430724426358785,0,0,1.0,204.0,330.0
34,666435652385423360,1,0,2.0,54.0,170.0
35,666437273139982337,1,0,2.0,52.0,131.0
36,666447344410484738,1,0,2.0,23.0,107.0
37,666454714377183233,1,0,3.0,223.0,545.0
38,666644823164719104,1,0,15.0,88.0,238.0
39,666649482315059201,1,0,16.0,608.0,923.0
40,666691418707132416,1,0,18.0,51.0,196.0
41,666701168228331520,1,0,19.0,234.0,449.0
42,666739327293083650,1,0,22.0,71.0,244.0
43,666776908487630848,0,0,0.0,186.0,368.0
44,666781792255496192,1,0,0.0,211.0,404.0
45,666786068205871104,0,0,1.0,521.0,800.0
46,666804364988780544,1,0,2.0,95.0,250.0
47,666817836334096384,1,0,3.0,267.0,540.0
48,666826780179869698,1,0,3.0,105.0,266.0
49,666835007768551424,1,0,4.0,83.0,222.0
50,666837028449972224,0,0,4.0,584.0,857.0
51,666983947667116034,0,0,14.0,1040.0,2679.0
52,666996132027977728,0,0,15.0,102.0,258.0
53,667012601033924608,0,0,16.0,237.0,471.0
54,667044094246576128,1,0,18.0,54.0,198.0
55,667062181243039745,1,0,19.0,57.0,227.0
56,667065535570550784,0,0,19.0,51.0,175.0
57,667073648344346624,1,0,20.0,134.0,425.0
58,667090893657276420,1,0,21.0,132.0,349.0
59,667119796878725120,1,0,23.0,135.0,346.0
60,667138269671505920,1,0,0.0,2387.0,4851.0
61,667152164079423490,1,0,1.0,18285.0,49720.0
62,667160273090932737,1,0,1.0,66.0,268.0
63,667165590075940865,1,0,2.0,1241.0,2819.0
64,667171260800061440,1,0,2.0,97.0,235.0
65,667174963120574464,1,0,2.0,88.0,262.0
66,667176164155375616,1,0,3.0,484.0,640.0
67,667177989038297088,1,0,3.0,58.0,200.0
68,667182792070062081,1,0,3.0,6618.0,15075.0
69,667188689915760640,0,0,3.0,449.0,784.0
70,667192066997374976,1,0,4.0,115.0,414.0
71,667200525029539841,1,0,4.0,282.0,658.0
72,667211855547486208,1,0,5.0,258.0,516.0
73,667369227918143488,0,0,15.0,173.0,385.0
74,667393430834667520,1,0,17.0,60.0,211.0
75,667405339315146752,1,0,18.0,234.0,489.0
76,667435689202614272,1,0,20.0,89.0,326.0
77,667437278097252352,0,0,20.0,257.0,483.0
78,667443425659232256,0,0,20.0,620.0,833.0
79,667453023279554560,1,0,21.0,96.0,327.0
80,667455448082227200,1,0,21.0,66.0,203.0
81,667470559035432960,1,0,22.0,102.0,273.0
82,667491009379606528,1,0,23.0,242.0,559.0
83,667495797102141441,1,0,0.0,294.0,565.0
84,667502640335572993,1,0,0.0,231.0,563.0
85,667509364010450944,1,0,1.0,2272.0,7148.0
86,667517642048163840,1,0,1.0,203.0,389.0
87,667524857454854144,0,0,2.0,1198.0,1798.0
88,667530908589760512,1,0,2.0,264.0,501.0
89,667534815156183040,1,0,2.0,576.0,866.0
90,667538891197542400,1,0,3.0,72.0,220.0
91,667544320556335104,1,0,3.0,568.0,917.0
92,667546741521195010,1,0,3.0,138.0,355.0
93,667549055577362432,0,0,3.0,2454.0,6138.0
94,667550882905632768,0,,9.720160481444333,2766.753259779338,8895.725677031094
95,667550904950915073,0,,9.720160481444333,2766.753259779338,8895.725677031094
96,667724302356258817,0,0,15.0,341.0,517.0
97,667728196545200128,1,0,15.0,162.0,398.0
98,667766675769573376,0,0,18.0,243.0,476.0
99,667773195014021121,1,0,18.0,61.0,243.0
100,667782464991965184,0,0,19.0,261.0,434.0
101,667793409583771648,1,0,19.0,358.0,736.0
102,667801013445750784,1,0,20.0,101.0,346.0
103,667806454573760512,0,0,20.0,535.0,1111.0
104,667832474953625600,1,0,22.0,68.0,303.0
105,667861340749471744,1,0,0.0,86.0,253.0
106,667866724293877760,0,0,0.0,1110.0,3172.0
107,667873844930215936,0,0,1.0,440.0,667.0
108,667878741721415682,0,0,1.0,127.0,409.0
109,667885044254572545,1,0,1.0,530.0,868.0
110,667886921285246976,1,0,2.0,1180.0,2011.0
111,667902449697558528,1,0,3.0,396.0,905.0
112,667911425562669056,0,0,3.0,329.0,523.0
113,667915453470232577,0,0,4.0,59.0,222.0
114,667924896115245057,1,0,4.0,119.0,318.0
115,667937095915278337,0,0,5.0,866.0,1356.0
116,668113020489474048,1,0,17.0,265.0,709.0
117,668142349051129856,0,0,19.0,306.0,592.0
118,668154635664932864,0,0,19.0,336.0,522.0
119,668171859951755264,1,0,20.0,208.0,525.0
120,668190681446379520,1,0,22.0,210.0,696.0
121,668204964695683073,1,0,23.0,206.0,586.0
122,668221241640230912,1,0,0.0,215.0,537.0
123,668226093875376128,0,0,0.0,115.0,323.0
124,668237644992782336,1,0,1.0,3100.0,6614.0
125,668248472370458624,1,0,2.0,523.0,1056.0
126,668256321989451776,0,0,2.0,667.0,1385.0
127,668268907921326080,1,0,3.0,261.0,592.0
128,668274247790391296,1,0,3.0,248.0,886.0
129,668286279830867968,1,0,4.0,149.0,535.0
130,668291999406125056,0,0,4.0,34.0,264.0
131,668297328638447616,0,0,5.0,319.0,656.0
132,668466899341221888,0,0,16.0,560.0,936.0
133,668480044826800133,0,0,17.0,162.0,491.0
134,668484198282485761,1,0,17.0,253.0,453.0
135,668496999348633600,1,0,18.0,146.0,436.0
136,668507509523615744,1,0,19.0,116.0,345.0
137,668528771708952576,1,0,20.0,242.0,496.0
138,668537837512433665,1,0,21.0,79.0,265.0
139,668542336805281792,1,0,21.0,231.0,497.0
140,668544745690562560,0,0,21.0,250.0,561.0
141,668567822092664832,1,0,23.0,62.0,265.0
142,668614819948453888,0,0,2.0,341.0,654.0
143,668620235289837568,0,0,2.0,45.0,211.0
144,668623201287675904,1,0,2.0,851.0,1551.0
145,668625577880875008,0,0,3.0,140.0,417.0
146,668627278264475648,1,0,3.0,123.0,341.0
147,668631377374486528,1,0,3.0,349.0,763.0
148,668633411083464705,1,0,3.0,1788.0,3024.0
149,668636665813057536,1,0,3.0,528.0,1114.0
150,668641109086707712,0,0,4.0,573.0,1145.0
151,668643542311546881,0,0,4.0,576.0,939.0
152,668645506898350081,0,0,4.0,588.0,962.0
153,668655139528511488,1,0,4.0,233.0,562.0
154,668779399630725120,1,0,13.0,409.0,749.0
155,668815180734689280,1,0,15.0,291.0,610.0
156,668826086256599040,1,0,16.0,150.0,467.0
157,668852170888998912,1,0,18.0,184.0,479.0
158,668872652652679168,0,0,19.0,322.0,566.0
159,668892474547511297,1,0,20.0,164.0,422.0
160,668902994700836864,1,0,21.0,107.0,338.0
161,668932921458302977,1,0,23.0,63.0,284.0
162,668955713004314625,1,0,0.0,77.0,300.0
163,668960084974809088,0,0,1.0,263.0,757.0
164,668975677807423489,1,0,2.0,641.0,1386.0
165,668979806671884288,1,0,2.0,382.0,842.0
166,668981893510119424,0,0,2.0,340.0,573.0
167,668986018524233728,0,0,2.0,183.0,578.0
168,668988183816871936,0,0,3.0,516.0,961.0
169,668989615043424256,1,0,3.0,356.0,726.0
170,668992363537309700,0,0,3.0,381.0,802.0
171,668994913074286592,0,0,3.0,254.0,468.0
172,669000397445533696,1,0,3.0,6965.0,22118.0
173,669006782128353280,1,0,4.0,269.0,610.0
174,669015743032369152,0,0,4.0,403.0,785.0
175,669037058363662336,1,0,6.0,336.0,698.0
176,669203728096960512,1,0,17.0,522.0,1074.0
177,669214165781868544,0,0,18.0,183.0,468.0
178,669216679721873412,1,0,18.0,422.0,958.0
179,669324657376567296,0,0,1.0,223.0,525.0
180,669327207240699904,1,0,1.0,127.0,610.0
181,669328503091937280,1,0,1.0,452.0,1081.0
182,669351434509529089,0,0,3.0,207.0,474.0
183,669353438988365824,0,0,3.0,281.0,687.0
184,669354382627049472,1,0,3.0,1390.0,2889.0
185,669359674819481600,1,0,3.0,134.0,390.0
186,669363888236994561,1,0,3.0,252.0,669.0
187,669367896104181761,1,0,4.0,172.0,485.0
188,669371483794317312,1,0,4.0,196.0,524.0
189,669375718304980992,1,0,4.0,792.0,1425.0
190,669393256313184256,1,0,5.0,83.0,383.0
191,669564461267722241,1,0,17.0,133.0,413.0
192,669567591774625800,1,0,17.0,61.0,248.0
193,669571471778410496,0,0,17.0,1085.0,1684.0
194,669573570759163904,1,0,17.0,156.0,467.0
195,669583744538451968,0,0,18.0,1017.0,1587.0
196,669597912108789760,1,0,19.0,163.0,550.0
197,669603084620980224,1,0,19.0,401.0,1006.0
198,669625907762618368,0,0,21.0,1963.0,3769.0
199,669661792646373376,0,0,23.0,482.0,860.0
200,669680153564442624,1,0,0.0,311.0,712.0
201,669682095984410625,0,0,1.0,146.0,375.0
202,669683899023405056,1,0,1.0,119.0,412.0
203,669749430875258880,0,0,5.0,71.0,289.0
204,669753178989142016,1,0,5.0,431.0,858.0
205,669923323644657664,0,0,16.0,64.0,250.0
206,669926384437997569,1,0,17.0,115.0,400.0
207,669942763794931712,1,0,18.0,183.0,536.0
208,669970042633789440,1,0,20.0,65.0,317.0
209,669972011175813120,0,0,20.0,175.0,471.0
210,669993076832759809,0,0,21.0,92.0,344.0
211,670003130994700288,1,0,22.0,100.0,352.0
212,670037189829525505,0,0,0.0,306.0,625.0
213,670040295598354432,0,0,0.0,118.0,801.0
214,670046952931721218,1,0,1.0,191.0,684.0
215,670055038660800512,0,0,1.0,357.0,716.0
216,670061506722140161,1,0,2.0,373.0,822.0
217,670069087419133954,0,0,2.0,278.0,676.0
218,670073503555706880,1,0,2.0,874.0,1674.0
219,670079681849372674,0,0,3.0,1373.0,2390.0
220,670086499208155136,1,0,3.0,275.0,740.0
221,670093938074779648,1,0,4.0,365.0,1106.0
222,670290420111441920,1,0,17.0,315.0,750.0
223,670303360680108032,1,0,18.0,151.0,452.0
224,670319130621435904,1,0,19.0,1359.0,4110.0
225,670338931251150849,1,0,20.0,122.0,451.0
226,670361874861563904,0,0,22.0,71.0,344.0
227,670374371102445568,1,0,22.0,295.0,785.0
228,670385711116361728,1,0,23.0,234.0,593.0
229,670403879788544000,1,0,0.0,173.0,460.0
230,670408998013820928,0,0,1.0,249.0,600.0
231,670411370698022913,1,0,1.0,991.0,2176.0
232,670417414769758208,0,0,1.0,350.0,604.0
233,670420569653809152,0,0,1.0,342.0,668.0
234,670421925039075328,1,0,2.0,709.0,1415.0
235,670427002554466305,0,0,2.0,179.0,551.0
236,670428280563085312,1,0,2.0,694.0,1484.0
237,670433248821026816,0,0,2.0,122.0,345.0
238,670434127938719744,0,0,2.0,708.0,1501.0
239,670435821946826752,0,0,2.0,570.0,1127.0
240,670442337873600512,1,0,3.0,213.0,690.0
241,670444955656130560,1,0,3.0,2153.0,7120.0
242,670449342516494336,0,0,3.0,729.0,1264.0
243,670452855871037440,0,0,4.0,225.0,580.0
244,670465786746662913,0,0,4.0,608.0,1048.0
245,670468609693655041,0,0,5.0,90.0,375.0
246,670474236058800128,0,0,5.0,835.0,1635.0
247,670668383499735048,0,0,18.0,5537.0,11452.0
248,670676092097810432,1,0,18.0,45.0,267.0
249,670679630144274432,1,0,19.0,315.0,799.0
250,670691627984359425,1,0,19.0,266.0,632.0
251,670704688707301377,1,0,20.0,405.0,814.0
252,670717338665226240,1,0,21.0,547.0,1301.0
253,670727704916926465,0,0,22.0,403.0,887.0
254,670733412878163972,0,0,22.0,558.0,1030.0
255,670755717859713024,1,0,0.0,123.0,475.0
256,670764103623966721,1,0,0.0,466.0,1154.0
257,670778058496974848,1,0,1.0,77.0,345.0
258,670780561024270336,1,0,1.0,317.0,831.0
259,670782429121134593,1,0,1.0,863.0,1691.0
260,670783437142401025,0,0,1.0,431.0,872.0
261,670786190031921152,0,0,2.0,218.0,640.0
262,670789397210615808,1,0,2.0,255.0,700.0
263,670792680469889025,0,0,2.0,298.0,889.0
264,670797304698376195,1,0,2.0,262.0,780.0
265,670803562457407488,1,0,3.0,95.0,362.0
266,670804601705242624,1,0,3.0,1035.0,2098.0
267,670807719151067136,1,0,3.0,546.0,1234.0
268,670811965569282048,1,0,3.0,295.0,1202.0
269,670815497391357952,1,0,4.0,1708.0,3410.0
270,670822709593571328,0,0,4.0,105.0,647.0
271,670823764196741120,1,0,4.0,205.0,824.0
272,670826280409919488,0,0,4.0,4485.0,5961.0
273,670832455012716544,1,0,5.0,242.0,780.0
274,670833812859932673,1,0,5.0,135.0,474.0
275,670838202509447168,0,0,5.0,758.0,1189.0
276,670840546554966016,1,0,5.0,213.0,634.0
277,670842764863651840,0,0,5.0,4324.0,7989.0
278,670995969505435648,1,0,16.0,317.0,1175.0
279,671109016219725825,1,0,23.0,478.0,1225.0
280,671115716440031232,1,0,23.0,842.0,1436.0
281,671122204919246848,0,0,0.0,2763.0,3729.0
282,671134062904504320,1,0,1.0,212.0,796.0
283,671138694582165504,1,0,1.0,448.0,996.0
284,671141549288370177,0,0,1.0,713.0,1246.0
285,671147085991960577,1,0,2.0,254.0,713.0
286,671151324042559489,1,0,2.0,166.0,714.0
287,671154572044468225,1,0,2.0,241.0,769.0
288,671159727754231808,0,0,2.0,89.0,401.0
289,671163268581498880,0,0,3.0,1198.0,1763.0
290,671166507850801152,0,0,3.0,390.0,931.0
291,671182547775299584,1,0,4.0,378.0,1193.0
292,671186162933985280,1,0,4.0,241.0,788.0
293,671347597085433856,0,0,15.0,476.0,1031.0
294,671355857343524864,1,0,15.0,119.0,508.0
295,671357843010908160,1,0,15.0,157.0,426.0
296,671362598324076544,0,0,16.0,325.0,1193.0
297,671390180817915904,0,0,18.0,805.0,1513.0
298,671485057807351808,1,0,0.0,253.0,806.0
299,671486386088865792,1,0,0.0,226.0,621.0
300,671488513339211776,0,0,0.0,516.0,1073.0
301,671497587707535361,0,0,1.0,481.0,980.0
302,671504605491109889,1,0,1.0,3866.0,7495.0
303,671511350426865664,0,0,2.0,791.0,1734.0
304,671518598289059840,1,0,2.0,319.0,1010.0
305,671520732782923777,1,0,2.0,582.0,1499.0
306,671528761649688577,1,0,3.0,280.0,896.0
307,671533943490011136,0,0,3.0,631.0,1092.0
308,671536543010570240,1,0,3.0,441.0,1253.0
309,671538301157904385,0,0,3.0,436.0,993.0
310,671542985629241344,1,0,4.0,616.0,1166.0
311,671544874165002241,0,0,4.0,1145.0,2126.0
312,671547767500775424,0,0,4.0,658.0,1444.0
313,671561002136281088,1,0,5.0,7931.0,13679.0
314,671729906628341761,1,0,16.0,4795.0,9119.0
315,671735591348891648,0,0,17.0,819.0,1534.0
316,671743150407421952,1,0,17.0,248.0,779.0
317,671744970634719232,0,0,17.0,841.0,1430.0
318,671763349865160704,0,0,18.0,999.0,1788.0
319,671768281401958400,1,0,19.0,572.0,1269.0
320,671789708968640512,1,0,20.0,3811.0,7527.0
321,671855973984772097,0,0,0.0,502.0,977.0
322,671866342182637568,1,0,1.0,548.0,1191.0
323,671874878652489728,0,0,2.0,601.0,1330.0
324,671879137494245376,0,0,2.0,748.0,1507.0
325,671882082306625538,0,0,2.0,1488.0,3693.0
326,671891728106971137,1,0,3.0,618.0,1415.0
327,671896809300709376,1,0,3.0,4519.0,9016.0
328,672068090318987265,1,0,15.0,564.0,1389.0
329,672082170312290304,0,0,15.0,402.0,1003.0
330,672095186491711488,1,0,16.0,395.0,1063.0
331,672125275208069120,0,0,18.0,1253.0,2578.0
332,672139350159835138,1,0,19.0,792.0,1876.0
333,672160042234327040,1,3,21.0,395.0,918.0
334,672169685991993344,1,0,21.0,408.0,1074.0
335,672205392827572224,0,3,0.0,1270.0,2414.0
336,672222792075620352,1,0,1.0,231.0,833.0
337,672231046314901505,0,0,1.0,1089.0,1956.0
338,672239279297454080,1,0,2.0,347.0,953.0
339,672245253877968896,1,0,2.0,169.0,733.0
340,672248013293752320,1,0,2.0,656.0,1833.0
341,672254177670729728,1,3,3.0,800.0,1515.0
342,672256522047614977,0,0,3.0,1699.0,2999.0
343,672264251789176834,1,0,4.0,383.0,1212.0
344,672267570918129665,1,0,4.0,666.0,1588.0
345,672272411274932228,1,0,4.0,3677.0,6888.0
346,672466075045466113,1,0,17.0,598.0,1447.0
347,672475084225949696,0,0,17.0,770.0,1529.0
348,672481316919734272,1,3,18.0,137.0,757.0
349,672482722825261057,1,0,18.0,665.0,1221.0
350,672488522314567680,1,0,18.0,482.0,1187.0
351,672523490734551040,1,0,21.0,189.0,696.0
352,672538107540070400,0,0,22.0,404.0,1089.0
353,672591271085670400,0,0,1.0,207.0,782.0
354,672591762242805761,1,0,1.0,367.0,1014.0
355,672594978741354496,1,3,1.0,661.0,1411.0
356,672604026190569472,1,0,2.0,445.0,1188.0
357,672609152938721280,0,0,2.0,424.0,1180.0
358,672614745925664768,0,3,3.0,644.0,1302.0
359,672622327801233409,1,3,3.0,542.0,1377.0
360,672640509974827008,1,0,4.0,348.0,1032.0
361,672828477930868736,0,0,17.0,533.0,1343.0
362,672834301050937345,1,0,17.0,623.0,1398.0
363,672877615439593473,1,0,20.0,405.0,1096.0
364,672884426393653248,0,0,21.0,897.0,1661.0
365,672898206762672129,0,3,22.0,459.0,944.0
366,672902681409806336,0,0,22.0,550.0,1452.0
367,672964561327235073,1,0,2.0,701.0,1530.0
368,672968025906282496,1,0,2.0,602.0,1405.0
369,672970152493887488,0,3,2.0,391.0,1019.0
370,672975131468300288,1,3,3.0,1015.0,1813.0
371,672980819271634944,0,0,3.0,1079.0,1930.0
372,672984142909456390,0,0,3.0,593.0,1338.0
373,672988786805112832,1,3,4.0,314.0,1039.0
374,672995267319328768,1,0,4.0,328.0,1001.0
375,672997845381865473,1,0,4.0,786.0,2092.0
376,673148804208660480,0,3,14.0,688.0,1822.0
377,673213039743795200,1,0,18.0,929.0,2410.0
378,673240798075449344,1,0,20.0,798.0,1510.0
379,673270968295534593,1,0,22.0,400.0,1134.0
380,673295268553605120,1,3,0.0,3484.0,8046.0
381,673317986296586240,1,0,1.0,293.0,924.0
382,673320132811366400,1,0,1.0,8705.0,14441.0
383,673342308415348736,0,3,3.0,649.0,1362.0
384,673343217010679808,1,0,3.0,289.0,1038.0
385,673345638550134785,0,0,3.0,1422.0,2700.0
386,673350198937153538,1,0,3.0,229.0,784.0
387,673352124999274496,1,0,4.0,597.0,1761.0
388,673355879178194945,1,0,4.0,652.0,1606.0
389,673359818736984064,1,0,4.0,728.0,1558.0
390,673363615379013632,0,3,4.0,338.0,1088.0
391,673576835670777856,0,0,18.0,613.0,1482.0
392,673580926094458881,1,0,19.0,297.0,882.0
393,673583129559498752,0,0,19.0,403.0,1273.0
394,673612854080196609,1,3,21.0,802.0,1691.0
395,673636718965334016,0,0,22.0,404.0,1194.0
396,673656262056419329,1,3,0.0,265.0,769.0
397,673662677122719744,1,0,0.0,397.0,1339.0
398,673680198160809984,1,0,1.0,521.0,1460.0
399,673686845050527744,1,0,2.0,479.0,1544.0
400,673688752737402881,1,0,2.0,534.0,1325.0
401,673689733134946305,1,0,2.0,700.0,1855.0
402,673697980713705472,0,3,2.0,2165.0,4067.0
403,673700254269775872,0,0,3.0,638.0,1532.0
404,673705679337693185,1,0,3.0,439.0,1337.0
405,673707060090052608,1,3,3.0,434.0,1177.0
406,673708611235921920,1,0,3.0,315.0,1153.0
407,673709992831262724,1,0,3.0,306.0,908.0
408,673711475735838725,1,0,3.0,325.0,1114.0
409,673715861853720576,0,0,4.0,2303.0,3815.0
410,673887867907739649,1,0,15.0,274.0,994.0
411,673906403526995968,0,0,16.0,1799.0,3406.0
412,673919437611909120,0,3,17.0,401.0,1251.0
413,673956914389192708,1,3,20.0,1069.0,2091.0
414,674008982932058114,0,0,23.0,393.0,1297.0
415,674014384960745472,1,0,23.0,714.0,1676.0
416,674019345211760640,1,0,0.0,340.0,1208.0
417,674024893172875264,1,0,0.0,1360.0,1914.0
418,674036086168010753,1,0,1.0,240.0,906.0
419,674038233588723717,1,3,1.0,456.0,1176.0
420,674042553264685056,1,0,1.0,142.0,772.0
421,674045139690631169,0,0,1.0,710.0,1520.0
422,674051556661161984,1,0,2.0,530.0,1564.0
423,674053186244734976,1,0,2.0,1441.0,3576.0
424,674063288070742018,0,0,3.0,2450.0,6769.0
425,674075285688614912,1,0,3.0,316.0,1047.0
426,674082852460433408,1,0,4.0,186.0,804.0
427,674255168825880576,1,0,15.0,619.0,1581.0
428,674262580978937856,1,3,16.0,498.0,1391.0
429,674265582246694913,0,0,16.0,936.0,1766.0
430,674269164442398721,1,0,16.0,255.0,961.0
431,674271431610523648,1,0,16.0,800.0,1682.0
432,674291837063053312,1,0,18.0,6533.0,15817.0
433,674318007229923329,0,3,20.0,570.0,1516.0
434,674372068062928900,0,0,23.0,346.0,931.0
435,674394782723014656,0,0,1.0,635.0,1607.0
436,674410619106390016,0,0,2.0,515.0,1289.0
437,674416750885273600,1,0,2.0,157.0,731.0
438,674422304705744896,1,0,2.0,592.0,1536.0
439,674436901579923456,0,0,3.0,426.0,1198.0
440,674447403907457024,1,3,4.0,393.0,1137.0
441,674468880899788800,1,0,6.0,2275.0,6676.0
442,674632714662858753,0,0,16.0,637.0,1617.0
443,674638615994089473,1,3,17.0,650.0,1806.0
444,674644256330530816,0,0,17.0,311.0,1111.0
445,674646392044941312,1,0,17.0,557.0,1533.0
446,674664755118911488,0,0,18.0,276.0,994.0
447,674670581682434048,1,0,19.0,729.0,1751.0
448,674690135443775488,0,0,20.0,510.0,1237.0
449,674737130913071104,1,3,23.0,103.0,693.0
450,674739953134403584,1,0,23.0,437.0,1194.0
451,674743008475090944,1,0,0.0,607.0,1514.0
452,674752233200820224,1,0,0.0,516.0,1580.0
453,674754018082705410,0,0,0.0,488.0,1456.0
454,674764817387900928,1,0,1.0,263.0,852.0
455,674767892831932416,0,0,1.0,883.0,1981.0
456,674774481756377088,1,3,2.0,532.0,1213.0
457,674781762103414784,0,0,2.0,1335.0,2169.0
458,674788554665512960,1,0,3.0,230.0,871.0
459,674790488185167872,1,0,3.0,278.0,1180.0
460,674793399141146624,1,0,3.0,1225.0,2697.0
461,674800520222154752,1,0,3.0,949.0,3240.0
462,674805413498527744,1,0,4.0,391.0,934.0
463,674999807681908736,1,0,17.0,1232.0,2433.0
464,675003128568291329,1,0,17.0,517.0,1672.0
465,675006312288268288,1,3,17.0,252.0,1057.0
466,675015141583413248,0,0,18.0,1335.0,2918.0
467,675047298674663426,1,0,20.0,366.0,1141.0
468,675109292475830276,1,0,0.0,1259.0,3006.0
469,675111688094527488,1,0,0.0,283.0,1042.0
470,675113801096802304,0,3,0.0,877.0,2120.0
471,675135153782571009,0,0,2.0,542.0,1398.0
472,675145476954566656,1,0,2.0,1011.0,2305.0
473,675146535592706048,0,0,2.0,349.0,1300.0
474,675147105808306176,1,0,2.0,273.0,1026.0
475,675149409102012420,1,0,3.0,1878.0,4037.0
476,675153376133427200,0,0,3.0,2734.0,6072.0
477,675166823650848770,0,0,4.0,1795.0,3920.0
478,675334060156301312,1,3,15.0,1436.0,3007.0
479,675349384339542016,1,0,16.0,2532.0,4237.0
480,675354435921575936,0,0,16.0,18963.0,35178.0
481,675362609739206656,1,0,17.0,262.0,1136.0
482,675372240448454658,1,0,17.0,563.0,1838.0
483,675432746517426176,1,0,21.0,627.0,1623.0
484,675483430902214656,0,0,1.0,1081.0,1985.0
485,675489971617296384,1,0,1.0,672.0,1406.0
486,675497103322386432,1,0,2.0,1443.0,3397.0
487,675501075957489664,0,0,2.0,6485.0,18482.0
488,675517828909424640,1,0,3.0,507.0,1414.0
489,675522403582218240,1,0,3.0,316.0,1122.0
490,675531475945709568,1,0,4.0,428.0,1276.0
491,675534494439489536,1,0,4.0,470.0,1953.0
492,675706639471788032,1,0,15.0,106.0,693.0
493,675707330206547968,0,0,16.0,771.0,2154.0
494,675710890956750848,1,0,16.0,928.0,2046.0
495,675740360753160193,1,3,18.0,388.0,1257.0
496,675781562965868544,1,0,20.0,537.0,1750.0
497,675798442703122432,1,0,22.0,3787.0,11101.0
498,675820929667219457,1,0,23.0,260.0,1140.0
499,675822767435051008,1,0,23.0,591.0,1652.0
500,675845657354215424,1,3,1.0,1000.0,2477.0
501,675853064436391936,1,0,1.0,1460.0,2927.0
502,675870721063669760,1,0,2.0,632.0,1783.0
503,675878199931371520,0,0,3.0,1570.0,4531.0
504,675888385639251968,1,0,4.0,1067.0,2581.0
505,675891555769696257,1,0,4.0,976.0,2297.0
506,675898130735476737,1,3,4.0,653.0,1774.0
507,676089483918516224,1,0,17.0,483.0,1431.0
508,676098748976615425,0,0,17.0,1623.0,3279.0
509,676101918813499392,1,0,18.0,1284.0,3042.0
510,676146341966438401,1,0,21.0,744.0,2077.0
511,676191832485810177,1,0,0.0,1145.0,2478.0
512,676215927814406144,0,0,1.0,661.0,1881.0
513,676219687039057920,0,0,1.0,31989.0,67100.0
514,676237365392908289,1,0,3.0,331.0,1335.0
515,676263575653122048,0,3,4.0,609.0,2243.0
516,676430933382295552,1,0,15.0,385.0,1526.0
517,676440007570247681,1,0,16.0,748.0,1863.0
518,676470639084101634,1,3,18.0,5224.0,12616.0
519,676496375194980353,1,0,20.0,602.0,1641.0
520,676533798876651520,1,0,22.0,621.0,2025.0
521,676575501977128964,0,3,1.0,1254.0,2807.0
522,676582956622721024,0,0,2.0,312.0,1310.0
523,676588346097852417,1,0,2.0,896.0,2533.0
524,676603393314578432,1,3,3.0,440.0,1280.0
525,676606785097199616,0,0,3.0,490.0,2039.0
526,676613908052996102,0,0,4.0,219.0,1183.0
527,676617503762681856,1,3,4.0,1108.0,3149.0
528,676776431406465024,0,0,14.0,2249.0,5405.0
529,676811746707918848,1,0,17.0,469.0,1536.0
530,676819651066732545,0,3,17.0,741.0,1957.0
531,676821958043033607,1,0,17.0,17605.0,25124.0
532,676864501615042560,1,0,20.0,808.0,2294.0
533,676897532954456065,0,0,22.0,817.0,2426.0
534,676936541936185344,1,3,1.0,5515.0,13809.0
535,676942428000112642,0,0,1.0,855.0,2261.0
536,676946864479084545,1,0,2.0,426.0,1844.0
537,676948236477857792,0,0,2.0,980.0,2354.0
538,676949632774234114,1,0,2.0,448.0,1413.0
539,676957860086095872,1,0,2.0,907.0,2395.0
540,676975532580409345,1,0,4.0,1203.0,3015.0
541,677187300187611136,1,0,18.0,1033.0,2981.0
542,677228873407442944,0,0,20.0,1840.0,3837.0
543,677269281705472000,1,3,23.0,790.0,2164.0
544,677301033169788928,1,0,1.0,471.0,1362.0
545,677314812125323265,1,0,2.0,611.0,1799.0
546,677328882937298944,0,0,3.0,1693.0,3938.0
547,677331501395156992,1,0,3.0,265.0,1189.0
548,677334615166730240,1,0,3.0,328.0,1477.0
549,677530072887205888,1,0,16.0,250.0,1161.0
550,677547928504967168,1,0,17.0,4076.0,7568.0
551,677557565589463040,0,3,18.0,1322.0,2665.0
552,677565715327688705,1,0,19.0,513.0,1409.0
553,677573743309385728,0,0,19.0,819.0,2322.0
554,677644091929329666,1,0,0.0,886.0,2040.0
555,677662372920729601,0,0,1.0,1101.0,2134.0
556,677673981332312066,1,0,2.0,1677.0,3603.0
557,677687604918272002,1,0,3.0,950.0,2681.0
558,677698403548192770,1,0,3.0,363.0,1332.0
559,677700003327029250,1,0,4.0,1622.0,3689.0
560,677716515794329600,0,0,5.0,1104.0,3323.0
561,677895101218201600,1,0,16.0,2384.0,5275.0
562,677918531514703872,1,0,18.0,463.0,1476.0
563,678021115718029313,1,0,1.0,7148.0,15018.0
564,678255464182861824,1,0,16.0,418.0,1726.0
565,678278586130948096,1,3,18.0,6857.0,12531.0
566,678334497360859136,1,0,22.0,304.0,1427.0
567,678341075375947776,1,3,22.0,612.0,1896.0
568,678380236862578688,0,0,1.0,1020.0,2655.0
569,678389028614488064,1,3,1.0,473.0,2044.0
570,678396796259975168,1,0,2.0,478.0,1731.0
571,678399652199309312,0,0,2.0,30742.0,61794.0
572,678410210315247616,1,0,3.0,2072.0,4640.0
573,678424312106393600,1,0,3.0,2880.0,5916.0
574,678446151570427904,1,0,5.0,1785.0,4358.0
575,678643457146150913,1,0,18.0,489.0,2250.0
576,678675843183484930,0,0,20.0,1680.0,3155.0
577,678740035362037760,0,0,0.0,1926.0,4099.0
578,678755239630127104,1,0,1.0,3741.0,7802.0
579,678764513869611008,1,0,2.0,544.0,1788.0
580,678767140346941444,0,0,2.0,1553.0,3864.0
581,678774928607469569,1,0,3.0,1043.0,3037.0
582,678798276842360832,1,0,4.0,1350.0,3804.0
583,678800283649069056,1,3,4.0,1018.0,2810.0
584,678969228704284672,1,0,16.0,528.0,1796.0
585,678991772295516161,1,0,17.0,1333.0,2537.0
586,679047485189439488,0,0,21.0,781.0,2460.0
587,679062614270468097,0,0,22.0,9299.0,18712.0
588,679111216690831360,1,0,1.0,2893.0,6514.0
589,679132435750195208,1,0,2.0,1314.0,3253.0
590,679148763231985668,1,0,3.0,1163.0,3028.0
591,679158373988876288,1,0,4.0,9193.0,23568.0
592,679462823135686656,1,0,0.0,21324.0,34856.0
593,679475951516934144,1,0,1.0,728.0,2304.0
594,679503373272485890,0,3,3.0,1673.0,3484.0
595,679511351870550016,1,0,3.0,1461.0,3711.0
596,679527802031484928,0,3,5.0,823.0,2892.0
597,679530280114372609,1,0,5.0,2347.0,5208.0
598,679722016581222400,1,0,17.0,539.0,1817.0
599,679729593985699840,0,0,18.0,937.0,2367.0
600,679736210798047232,1,0,18.0,918.0,2311.0
601,679777920601223168,1,3,21.0,1281.0,3390.0
602,679828447187857408,1,3,0.0,15839.0,39726.0
603,679844490799091713,1,0,2.0,887.0,2593.0
604,679854723806179328,0,0,2.0,1402.0,3143.0
605,679862121895714818,1,0,3.0,706.0,2678.0
606,679877062409191424,0,0,4.0,726.0,2155.0
607,680055455951884288,1,0,16.0,8067.0,18278.0
608,680070545539371008,0,0,17.0,994.0,2818.0
609,680085611152338944,0,0,18.0,10034.0,13959.0
610,680100725817409536,1,3,19.0,1554.0,3891.0
611,680115823365742593,1,0,20.0,1028.0,2972.0
612,680130881361686529,1,0,21.0,1078.0,2519.0
613,680145970311643136,1,3,22.0,1972.0,3955.0
614,680161097740095489,1,0,23.0,828.0,2538.0
615,680176173301628928,0,3,0.0,1760.0,4263.0
616,680191257256136705,1,3,1.0,577.0,2356.0
617,680206703334408192,0,0,2.0,1323.0,3115.0
618,680221482581123072,0,0,3.0,329.0,1598.0
619,680440374763077632,0,0,17.0,564.0,1583.0
620,680473011644985345,1,3,19.0,844.0,2778.0
621,680494726643068929,1,0,21.0,542.0,1879.0
622,680497766108381184,1,0,21.0,2162.0,4639.0
623,680583894916304897,0,0,3.0,1514.0,3939.0
624,680609293079592961,1,0,4.0,816.0,2906.0
625,680798457301471234,0,0,17.0,1182.0,3134.0
626,680801747103793152,1,0,17.0,925.0,2600.0
627,680836378243002368,1,3,19.0,1513.0,3766.0
628,680889648562991104,1,0,23.0,418.0,1945.0
629,680913438424612864,1,0,0.0,705.0,2609.0
630,680934982542561280,1,0,2.0,497.0,2285.0
631,680940246314430465,1,0,2.0,1225.0,3544.0
632,680959110691590145,0,0,3.0,2243.0,4986.0
633,680970795137544192,1,0,4.0,749.0,2665.0
634,681193455364796417,1,0,19.0,1691.0,4077.0
635,681231109724700672,1,3,21.0,540.0,2629.0
636,681242418453299201,0,0,22.0,624.0,1645.0
637,681261549936340994,1,0,23.0,308.0,1597.0
638,681281657291280384,1,0,1.0,1258.0,3520.0
639,681297372102656000,1,0,2.0,1091.0,3490.0
640,681302363064414209,0,0,2.0,2072.0,4347.0
641,681320187870711809,1,0,3.0,863.0,2918.0
642,681339448655802368,0,0,5.0,4598.0,10202.0
643,681523177663676416,1,0,17.0,6620.0,15749.0
644,681579835668455424,1,0,20.0,1489.0,3893.0
645,681610798867845120,1,0,23.0,533.0,2100.0
646,681654059175129088,1,3,1.0,1045.0,2903.0
647,681679526984871937,0,3,3.0,499.0,1923.0
648,681694085539872773,1,3,4.0,4581.0,14010.0
649,681891461017812993,1,3,17.0,951.0,2706.0
650,681981167097122816,1,0,23.0,1161.0,3043.0
651,682003177596559360,0,0,1.0,1722.0,3464.0
652,682032003584274432,1,0,2.0,2294.0,7223.0
653,682047327939461121,0,0,3.0,1088.0,3525.0
654,682059653698686977,0,0,4.0,1915.0,5442.0
655,682242692827447297,0,0,16.0,1341.0,3566.0
656,682259524040966145,1,0,17.0,1375.0,4578.0
657,682303737705140231,0,0,20.0,1135.0,3389.0
658,682389078323662849,1,0,2.0,518.0,1828.0
659,682393905736888321,1,0,2.0,773.0,2441.0
660,682406705142087680,0,3,3.0,2019.0,8319.0
661,682429480204398592,1,0,5.0,1320.0,3769.0
662,682638830361513985,1,0,19.0,675.0,2266.0
663,682662431982772225,1,0,20.0,1207.0,3326.0
664,682697186228989953,0,0,22.0,397.0,1440.0
665,682750546109968385,1,0,2.0,494.0,1674.0
666,682788441537560576,0,3,5.0,1258.0,2706.0
667,682962037429899265,0,0,16.0,15043.0,26239.0
668,683030066213818368,1,0,21.0,832.0,2370.0
669,683078886620553216,0,3,0.0,634.0,2176.0
670,683098815881154561,1,0,1.0,736.0,2361.0
671,683111407806746624,1,3,2.0,1034.0,3736.0
672,683142553609318400,1,3,4.0,1173.0,3162.0
673,683357973142474752,1,0,18.0,1059.0,3238.0
674,683391852557561860,1,0,20.0,2702.0,8356.0
675,683449695444799489,1,0,0.0,1837.0,4290.0
676,683462770029932544,1,3,1.0,761.0,2676.0
677,683481228088049664,1,3,2.0,1118.0,2878.0
678,683498322573824003,1,0,4.0,1095.0,3469.0
679,683742671509258241,1,0,20.0,3781.0,7162.0
680,683773439333797890,1,0,22.0,1533.0,3684.0
681,683828599284170753,1,3,1.0,1195.0,3053.0
682,683834909291606017,1,3,2.0,1265.0,2880.0
683,683849932751646720,0,0,3.0,1116.0,2896.0
684,683852578183077888,1,0,3.0,397.0,2111.0
685,683857920510050305,1,0,3.0,1262.0,4163.0
686,684097758874210310,1,0,19.0,1621.0,4515.0
687,684122891630342144,0,0,21.0,539.0,2176.0
688,684177701129875456,1,0,1.0,764.0,2215.0
689,684188786104872960,1,0,1.0,1343.0,3831.0
690,684195085588783105,1,0,2.0,595.0,2108.0
691,684200372118904832,0,0,2.0,1177.0,2394.0
692,684222868335505415,1,0,4.0,1563.0,4225.0
693,684225744407494656,1,0,4.0,239.0,1369.0
694,684241637099323392,1,0,5.0,3727.0,8999.0
695,684460069371654144,1,0,19.0,628.0,2169.0
696,684481074559381504,1,0,21.0,1320.0,4249.0
697,684538444857667585,1,0,0.0,1085.0,2915.0
698,684567543613382656,0,0,2.0,1418.0,3312.0
699,684594889858887680,1,0,4.0,4016.0,9843.0
700,684800227459624960,1,0,18.0,1124.0,2979.0
701,684880619965411328,0,3,23.0,936.0,2305.0
702,684902183876321280,1,0,0.0,605.0,2053.0
703,684914660081053696,0,0,1.0,1662.0,3848.0
704,684926975086034944,1,0,2.0,552.0,3849.0
705,684940049151070208,1,0,3.0,1191.0,3523.0
706,684959798585110529,0,0,4.0,3487.0,7004.0
707,685169283572338688,1,3,18.0,1620.0,4489.0
708,685198997565345792,0,0,20.0,764.0,2566.0
709,685268753634967552,1,3,1.0,1371.0,3419.0
710,685307451701334016,1,2,3.0,496.0,2262.0
711,685315239903100929,1,0,4.0,1234.0,3676.0
712,685321586178670592,1,0,4.0,735.0,2910.0
713,685325112850124800,1,0,5.0,4535.0,10471.0
714,685532292383666176,0,0,18.0,1298.0,3336.0
715,685547936038666240,0,3,19.0,17465.0,35052.0
716,685641971164143616,1,3,1.0,885.0,3218.0
717,685663452032069632,1,0,3.0,1656.0,3557.0
718,685667379192414208,0,3,3.0,666.0,2579.0
719,685906723014619143,1,0,19.0,3303.0,8277.0
720,685943807276412928,1,3,21.0,696.0,1801.0
721,685973236358713344,1,0,23.0,611.0,2326.0
722,686003207160610816,0,0,1.0,735.0,2009.0
723,686007916130873345,1,3,2.0,472.0,2704.0
724,686034024800862208,1,0,3.0,1324.0,3424.0
725,686050296934563840,1,0,5.0,836.0,2420.0
726,686358356425093120,1,0,1.0,776.0,2398.0
727,686377065986265092,1,3,2.0,637.0,2433.0
728,686386521809772549,1,0,3.0,996.0,3553.0
729,686606069955735556,1,0,17.0,607.0,2071.0
730,686618349602762752,1,3,18.0,1544.0,4042.0
731,686683045143953408,1,3,22.0,912.0,3072.0
732,686730991906516992,1,0,2.0,1350.0,4543.0
733,686749460672679938,0,0,3.0,1666.0,3812.0
734,686947101016735744,0,0,16.0,3582.0,9433.0
735,687096057537363968,1,3,2.0,695.0,2449.0
736,687102708889812993,0,0,2.0,1124.0,2571.0
737,687109925361856513,1,0,3.0,2803.0,6370.0
738,687124485711986689,0,0,4.0,577.0,2371.0
739,687127927494963200,1,0,4.0,2591.0,6004.0
740,687312378585812992,0,3,16.0,2146.0,4777.0
741,687317306314240000,1,0,16.0,10411.0,22073.0
742,687460506001633280,1,0,2.0,614.0,2243.0
743,687476254459715584,0,3,3.0,619.0,2187.0
744,687480748861947905,1,0,3.0,281.0,1760.0
745,687494652870668288,1,0,4.0,654.0,2104.0
746,687664829264453632,1,0,15.0,576.0,2121.0
747,687704180304273409,1,3,18.0,950.0,2660.0
748,687807801670897665,1,0,1.0,801.0,2625.0
749,687818504314159109,1,3,2.0,1080.0,2758.0
750,687826841265172480,1,0,2.0,1292.0,2989.0
751,688064179421470721,1,0,18.0,408.0,1878.0
752,688116655151435777,1,0,21.0,888.0,3093.0
753,688179443353796608,0,3,2.0,669.0,2328.0
754,688211956440801280,0,0,4.0,937.0,2426.0
755,688385280030670848,1,0,15.0,5035.0,10180.0
756,688519176466644993,1,3,0.0,825.0,2520.0
757,688547210804498433,1,0,2.0,789.0,2862.0
758,688789766343622656,1,0,18.0,759.0,2434.0
759,688804835492233216,1,0,19.0,227.0,1043.0
760,688828561667567616,1,0,21.0,420.0,1508.0
761,688894073864884227,0,3,1.0,792.0,2462.0
762,688898160958271489,1,0,1.0,890.0,2307.0
763,688908934925697024,0,0,2.0,874.0,2310.0
764,688916208532455424,1,3,2.0,983.0,3003.0
765,689143371370250240,1,3,17.0,579.0,2232.0
766,689154315265683456,1,0,18.0,1128.0,3348.0
767,689275259254616065,1,0,2.0,285.0,1273.0
768,689280876073582592,1,0,2.0,819.0,2197.0
769,689283819090870273,1,0,3.0,1250.0,3624.0
770,689289219123089408,0,0,3.0,1056.0,2476.0
771,689517482558820352,1,0,18.0,1609.0,3735.0
772,689557536375177216,1,0,21.0,519.0,2257.0
773,689599056876867584,0,0,0.0,6265.0,12795.0
774,689623661272240129,1,3,1.0,748.0,2467.0
775,689659372465688576,0,0,4.0,4412.0,11394.0
776,689661964914655233,1,0,4.0,1052.0,3501.0
777,689835978131935233,1,0,15.0,850.0,2369.0
778,689877686181715968,1,0,18.0,1344.0,3323.0
779,689905486972461056,1,3,20.0,787.0,2651.0
780,689977555533848577,0,0,1.0,502.0,1490.0
781,689999384604450816,1,0,2.0,424.0,1561.0
782,690005060500217858,1,0,2.0,1907.0,4004.0
783,690015576308211712,1,3,3.0,836.0,2740.0
784,690021994562220032,0,0,4.0,1180.0,3056.0
785,690248561355657216,0,0,19.0,477.0,1845.0
786,690360449368465409,1,0,2.0,1006.0,2925.0
787,690374419777196032,1,0,3.0,972.0,3560.0
788,690400367696297985,1,0,5.0,509.0,2041.0
789,690597161306841088,1,0,18.0,681.0,2163.0
790,690649993829576704,0,0,21.0,325.0,1435.0
791,690690673629138944,0,0,0.0,898.0,2547.0
792,690728923253055490,1,0,2.0,597.0,2384.0
793,690735892932222976,1,0,3.0,1442.0,4134.0
794,690932576555528194,0,0,16.0,1143.0,3602.0
795,690938899477221376,0,0,16.0,2245.0,4536.0
796,690959652130045952,1,0,18.0,1421.0,3902.0
797,691090071332753408,0,0,2.0,385.0,1867.0
798,691096613310316544,1,0,3.0,1019.0,3253.0
799,691321916024623104,1,0,18.0,747.0,2828.0
800,691416866452082688,1,0,0.0,8689.0,21253.0
801,691444869282295808,1,0,2.0,955.0,2890.0
802,691459709405118465,1,0,3.0,1294.0,4449.0
803,691483041324204033,1,0,4.0,656.0,2608.0
804,691675652215414786,1,0,17.0,577.0,2116.0
805,691756958957883396,1,0,22.0,1161.0,3179.0
806,691820333922455552,0,0,3.0,1860.0,4329.0
807,692017291282812928,1,0,16.0,1081.0,3153.0
808,692142790915014657,1,0,0.0,438.0,1798.0
809,692158366030913536,1,0,1.0,896.0,2369.0
810,692187005137076224,1,0,3.0,929.0,2768.0
811,692417313023332352,0,3,18.0,3917.0,10275.0
812,692530551048294401,1,0,2.0,474.0,2021.0
813,692535307825213440,1,0,2.0,1529.0,3504.0
814,692568918515392513,1,0,4.0,1737.0,4739.0
815,692752401762250755,1,3,16.0,4124.0,7496.0
816,692828166163931137,1,3,21.0,998.0,3148.0
817,692894228850999298,1,0,2.0,910.0,2511.0
818,692901601640583168,1,0,2.0,682.0,1971.0
819,692905862751522816,1,3,3.0,998.0,2683.0
820,692919143163629568,1,0,3.0,838.0,2926.0
821,693095443459342336,0,3,15.0,523.0,2056.0
822,693109034023534592,1,0,16.0,695.0,1889.0
823,693155686491000832,1,0,19.0,3622.0,8668.0
824,693231807727280129,1,0,0.0,841.0,3133.0
825,693262851218264065,1,3,2.0,568.0,2459.0
826,693280720173801472,1,0,3.0,1403.0,3669.0
827,693486665285931008,0,0,17.0,698.0,1941.0
828,693590843962331137,0,3,0.0,2233.0,5565.0
829,693622659251335168,1,0,2.0,422.0,1691.0
830,693629975228977152,1,3,3.0,894.0,2685.0
831,693642232151285760,1,0,3.0,472.0,2790.0
832,693647888581312512,0,0,4.0,673.0,2961.0
833,693942351086120961,1,0,23.0,413.0,1896.0
834,694001791655137281,1,0,3.0,1176.0,3705.0
835,694183373896572928,0,0,15.0,1040.0,3236.0
836,694206574471057408,1,0,17.0,2297.0,4582.0
837,694329668942569472,1,3,1.0,569.0,2203.0
838,694352839993344000,1,0,2.0,700.0,2244.0
839,694356675654983680,0,3,3.0,328.0,1653.0
840,694669722378485760,0,0,23.0,13517.0,26068.0
841,694905863685980160,0,0,15.0,1053.0,3046.0
842,695051054296211456,1,0,1.0,885.0,2918.0
843,695064344191721472,0,0,2.0,685.0,1771.0
844,695074328191332352,1,3,2.0,1239.0,3116.0
845,695095422348574720,1,3,4.0,684.0,2888.0
846,695314793360662529,1,0,18.0,1675.0,4004.0
847,695409464418041856,1,0,0.0,4017.0,9460.0
848,695446424020918272,1,0,3.0,2026.0,4787.0
849,695629776980148225,1,0,15.0,2377.0,5020.0
850,695767669421768709,1,0,0.0,854.0,2060.0
851,695794761660297217,1,0,2.0,880.0,3490.0
852,695816827381944320,1,0,3.0,1320.0,3287.0
853,696405997980676096,1,0,18.0,1284.0,3531.0
854,696488710901260288,1,0,0.0,1166.0,2788.0
855,696713835009417216,0,3,15.0,757.0,2613.0
856,696754882863349760,0,0,17.0,396.0,1615.0
857,696877980375769088,0,3,2.0,802.0,2689.0
858,696886256886657024,1,0,2.0,2016.0,5317.0
859,696894894812565505,1,0,3.0,758.0,2594.0
860,696900204696625153,1,0,3.0,1156.0,3492.0
861,697242256848379904,0,0,2.0,751.0,2753.0
862,697255105972801536,1,0,3.0,1315.0,3316.0
863,697259378236399616,1,0,3.0,1136.0,3611.0
864,697270446429966336,1,0,4.0,2087.0,5131.0
865,697463031882764288,1,0,16.0,1552.0,3748.0
866,697482927769255936,0,0,18.0,765.0,2662.0
867,697575480820686848,0,0,0.0,572.0,2250.0
868,697596423848730625,1,3,1.0,1425.0,3306.0
869,697616773278015490,1,3,3.0,1144.0,3467.0
870,697881462549430272,0,0,20.0,1337.0,3313.0
871,697943111201378304,1,0,0.0,776.0,2638.0
872,697990423684476929,1,0,3.0,1451.0,3592.0
873,697995514407682048,1,0,4.0,372.0,1665.0
874,698178924120031232,1,0,16.0,830.0,3084.0
875,698195409219559425,1,0,17.0,6750.0,18408.0
876,698262614669991936,1,0,21.0,2268.0,5214.0
877,698342080612007937,1,0,3.0,1074.0,2485.0
878,698355670425473025,1,0,3.0,516.0,2046.0
879,698549713696649216,1,0,16.0,704.0,2536.0
880,698635131305795584,1,0,22.0,388.0,1400.0
881,698703483621523456,1,0,3.0,425.0,1608.0
882,698710712454139905,1,0,3.0,774.0,2710.0
883,698907974262222848,1,0,16.0,699.0,2787.0
884,698953797952008193,1,0,19.0,1020.0,2975.0
885,698989035503689728,1,0,21.0,1113.0,3701.0
886,699036661657767936,1,3,1.0,1345.0,2863.0
887,699072405256409088,1,0,3.0,1325.0,3296.0
888,699079609774645248,1,0,3.0,745.0,2677.0
889,699088579889332224,0,0,4.0,715.0,2451.0
890,699323444782047232,1,0,20.0,983.0,3466.0
891,699370870310113280,1,0,23.0,497.0,2053.0
892,699413908797464576,1,0,2.0,688.0,2258.0
893,699423671849451520,1,0,2.0,383.0,1505.0
894,699434518667751424,1,3,3.0,577.0,2384.0
895,699446877801091073,1,0,4.0,2938.0,6515.0
896,699691744225525762,0,0,20.0,5174.0,11252.0
897,699775878809702401,1,0,2.0,690.0,2150.0
898,699779630832685056,1,0,2.0,1397.0,3039.0
899,699788877217865730,1,0,2.0,557.0,2458.0
900,699801817392291840,1,3,3.0,1088.0,3345.0
901,700002074055016451,1,0,17.0,1529.0,3627.0
902,700029284593901568,1,0,18.0,661.0,2262.0
903,700062718104104960,0,0,21.0,778.0,2890.0
904,700143752053182464,1,3,2.0,3129.0,8282.0
905,700151421916807169,0,3,2.0,754.0,2450.0
906,700167517596164096,1,0,3.0,836.0,2903.0
907,700462010979500032,0,0,23.0,2031.0,4537.0
908,700505138482569216,0,0,2.0,646.0,2487.0
909,700518061187723268,1,0,3.0,915.0,2887.0
910,700747788515020802,1,0,18.0,10673.0,25130.0
911,700796979434098688,0,0,21.0,1085.0,2669.0
912,700847567345688576,1,0,1.0,558.0,2637.0
913,700864154249383937,1,3,2.0,685.0,2828.0
914,700890391244103680,0,0,3.0,653.0,2437.0
915,701214700881756160,1,0,1.0,5812.0,13475.0
916,701545186879471618,1,3,23.0,680.0,2902.0
917,701570477911896070,1,0,0.0,1055.0,3080.0
918,701601587219795968,1,0,2.0,523.0,2299.0
919,701889187134500865,1,0,21.0,1558.0,3905.0
920,701952816642965504,1,0,2.0,1149.0,4167.0
921,701981390485725185,1,0,4.0,1106.0,3755.0
922,702217446468493312,1,0,19.0,1526.0,5268.0
923,702276748847800320,1,0,23.0,860.0,2706.0
924,702321140488925184,1,0,2.0,1156.0,3604.0
925,702539513671897089,1,0,17.0,1091.0,3134.0
926,702598099714314240,1,3,20.0,3712.0,11332.0
927,702671118226825216,1,0,1.0,634.0,2398.0
928,702684942141153280,1,0,2.0,1215.0,3516.0
929,702932127499816960,0,0,19.0,811.0,2825.0
930,703041949650034688,0,0,2.0,14198.0,28996.0
931,703079050210877440,1,0,4.0,3494.0,8064.0
932,703268521220972544,0,3,17.0,618.0,2152.0
933,703356393781329922,1,0,23.0,429.0,2085.0
934,703382836347330562,1,0,0.0,1285.0,3837.0
935,703407252292673536,0,3,2.0,786.0,2685.0
936,703425003149250560,1,0,3.0,1559.0,4162.0
937,703611486317502464,1,3,16.0,1709.0,4229.0
938,703631701117943808,0,0,17.0,772.0,2853.0
939,703769065844768768,1,0,2.0,1276.0,3621.0
940,703774238772166656,1,0,2.0,526.0,2020.0
941,704054845121142784,1,0,21.0,1028.0,3201.0
942,704113298707505153,0,0,1.0,629.0,2031.0
943,704347321748819968,0,3,16.0,393.0,1729.0
944,704364645503647744,1,0,17.0,3999.0,8804.0
945,704480331685040129,1,0,1.0,1197.0,3723.0
946,704499785726889984,1,0,2.0,1124.0,3212.0
947,704761120771465216,0,3,20.0,3257.0,7283.0
948,704819833553219584,0,0,0.0,1136.0,2906.0
949,704847917308362754,1,0,1.0,1727.0,5594.0
950,704859558691414016,1,3,2.0,612.0,2462.0
951,704871453724954624,1,0,3.0,1245.0,4585.0
952,705066031337840642,1,0,16.0,683.0,2378.0
953,705102439679201280,1,0,18.0,585.0,2342.0
954,705223444686888960,0,0,2.0,900.0,2829.0
955,705239209544720384,1,0,3.0,854.0,3290.0
956,705428427625635840,1,3,16.0,1931.0,4188.0
957,705442520700944385,1,0,17.0,1859.0,4877.0
958,705475953783398401,1,0,19.0,1045.0,3231.0
959,705591895322394625,1,0,3.0,1308.0,3475.0
960,705786532653883392,0,3,16.0,596.0,2132.0
961,705898680587526145,1,0,23.0,643.0,2597.0
962,705970349788291072,1,0,4.0,1008.0,3440.0
963,705975130514706432,1,3,4.0,842.0,3397.0
964,706166467411222528,1,0,17.0,1819.0,5636.0
965,706265994973601792,1,0,23.0,1030.0,2979.0
966,706291001778950144,1,0,1.0,522.0,1861.0
967,706310011488698368,1,3,2.0,9034.0,23443.0
968,706346369204748288,1,0,5.0,1035.0,3768.0
969,706516534877929472,1,0,16.0,1150.0,3404.0
970,706538006853918722,1,0,17.0,1580.0,3778.0
971,706593038911545345,0,0,21.0,718.0,2363.0
972,706644897839910912,0,0,0.0,1224.0,2814.0
973,706681918348251136,1,0,3.0,1103.0,3627.0
974,706901761596989440,0,0,17.0,680.0,2264.0
975,707014260413456384,1,0,1.0,664.0,2502.0
976,707021089608753152,1,0,1.0,1540.0,4433.0
977,707038192327901184,1,0,3.0,900.0,2404.0
978,707059547140169728,1,0,4.0,759.0,2796.0
979,707297311098011648,1,0,20.0,903.0,3022.0
980,707315916783140866,1,3,21.0,727.0,2698.0
981,707377100785885184,1,0,1.0,1214.0,3603.0
982,707387676719185920,1,0,2.0,1490.0,3835.0
983,707411934438625280,1,3,3.0,673.0,2486.0
984,707420581654872064,0,0,4.0,789.0,2499.0
985,707610948723478529,1,0,16.0,7236.0,18557.0
986,707693576495472641,0,0,22.0,1133.0,3765.0
987,707741517457260545,1,0,1.0,696.0,2718.0
988,707776935007539200,1,0,3.0,1079.0,3593.0
989,707969809498152960,1,0,16.0,1097.0,2941.0
990,707995814724026368,0,0,18.0,1273.0,3385.0
991,708026248782585858,1,0,20.0,2166.0,4799.0
992,708109389455101952,1,0,1.0,610.0,2124.0
993,708119489313951744,1,0,2.0,1102.0,2937.0
994,708130923141795840,1,0,3.0,943.0,3707.0
995,708149363256774660,1,0,4.0,1727.0,4672.0
996,708349470027751425,0,0,17.0,831.0,2568.0
997,708356463048204288,1,0,18.0,1520.0,3929.0
998,708469915515297792,1,0,1.0,926.0,3357.0
999,708479650088034305,1,0,2.0,765.0,2768.0
1000,708711088997666817,0,0,17.0,834.0,2790.0
1001,708738143638450176,1,0,19.0,917.0,2997.0
1002,708810915978854401,1,0,0.0,7848.0,18036.0
1003,708834316713893888,1,0,1.0,571.0,1860.0
1004,708845821941387268,1,3,2.0,1015.0,3226.0
1005,709042156699303936,0,0,15.0,1864.0,5197.0
1006,709158332880297985,1,0,23.0,470.0,2236.0
1007,709198395643068416,1,0,2.0,721.0,2634.0
1008,709207347839836162,1,0,2.0,6567.0,13755.0
1009,709225125749587968,1,0,3.0,647.0,2615.0
1010,709409458133323776,1,0,16.0,788.0,2855.0
1011,709449600415961088,1,0,18.0,665.0,2420.0
1012,709519240576036864,1,0,23.0,277.0,1620.0
1013,709556954897764353,1,0,1.0,1204.0,3593.0
1014,709566166965075968,1,0,2.0,1367.0,3865.0
1015,709852847387627521,1,0,21.0,1336.0,3824.0
1016,709901256215666688,0,0,0.0,112.0,732.0
1017,709918798883774466,1,0,1.0,1215.0,3250.0
1018,710117014656950272,1,3,14.0,2233.0,5999.0
1019,710140971284037632,1,0,16.0,1008.0,3017.0
1020,710153181850935296,0,0,17.0,1006.0,3153.0
1021,710269109699739648,1,0,0.0,1257.0,2613.0
1022,710272297844797440,1,0,1.0,1425.0,4945.0
1023,710283270106132480,1,0,1.0,580.0,2308.0
1024,710588934686908417,1,0,22.0,2107.0,4968.0
1025,710658690886586372,1,0,2.0,636.0,2529.0
1026,710833117892898816,1,0,14.0,606.0,2937.0
1027,710844581445812225,0,0,15.0,779.0,2775.0
1028,710997087345876993,1,0,1.0,1561.0,4960.0
1029,711008018775851008,1,3,1.0,710.0,3275.0
1030,711306686208872448,0,0,21.0,819.0,3596.0
1031,711363825979756544,1,0,1.0,1287.0,3996.0
1032,711652651650457602,0,0,20.0,1037.0,4228.0
1033,711694788429553666,0,0,23.0,20500.0,35865.0
1034,711732680602345472,0,0,1.0,4653.0,9756.0
1035,711743778164514816,1,0,2.0,1101.0,3095.0
1036,711968124745228288,0,3,17.0,2601.0,8776.0
1037,711998809858043904,0,,9.720160481444333,2766.753259779338,8895.725677031094
1038,712065007010385924,0,0,23.0,700.0,2451.0
1039,712085617388212225,1,0,1.0,556.0,3531.0
1040,712092745624633345,0,0,1.0,1016.0,3211.0
1041,712097430750289920,1,0,2.0,1172.0,4144.0
1042,712438159032893441,0,0,0.0,1756.0,5799.0
1043,712668654853337088,1,0,15.0,1367.0,4531.0
1044,712717840512598017,1,0,19.0,5616.0,13474.0
1045,712809025985978368,1,0,1.0,7602.0,20378.0
1046,713175907180089344,0,0,1.0,1630.0,4851.0
1047,713177543487135744,1,0,1.0,3183.0,7854.0
1048,713411074226274305,1,0,17.0,1440.0,4802.0
1049,713761197720473600,1,0,16.0,1541.0,5308.0
1050,713900603437621249,1,0,1.0,829.0,3062.0
1051,713919462244790272,1,0,2.0,869.0,3564.0
1052,714141408463036416,1,0,17.0,1569.0,4673.0
1053,714214115368108032,1,0,22.0,990.0,2480.0
1054,714251586676113411,1,0,0.0,940.0,3570.0
1055,714258258790387713,1,0,1.0,808.0,3281.0
1056,714606013974974464,1,0,0.0,1038.0,3938.0
1057,714631576617938945,0,0,1.0,1122.0,3571.0
1058,714957620017307648,1,0,23.0,1595.0,4503.0
1059,714982300363173890,1,0,1.0,1166.0,4094.0
1060,715009755312439296,0,0,2.0,1392.0,4550.0
1061,715200624753819648,1,0,15.0,2110.0,5578.0
1062,715220193576927233,1,0,16.0,736.0,2630.0
1063,715342466308784130,1,0,0.0,768.0,3294.0
1064,715360349751484417,0,0,2.0,1772.0,5955.0
1065,715680795826982913,1,0,23.0,1813.0,4719.0
1066,715696743237730304,1,0,0.0,1454.0,4257.0
1067,715733265223708672,1,0,2.0,1920.0,5093.0
1068,715928423106027520,1,0,15.0,987.0,3485.0
1069,716080869887381504,1,1,1.0,1935.0,5272.0
1070,716285507865542656,1,0,15.0,1225.0,3041.0
1071,716439118184652801,1,0,1.0,247.0,2574.0
1072,716791146589110272,1,0,0.0,1474.0,5204.0
1073,716802964044845056,1,0,1.0,1317.0,4627.0
1074,717009362452090881,1,3,15.0,1102.0,3583.0
1075,717047459982213120,1,0,17.0,2135.0,6826.0
1076,717421804990701568,1,0,18.0,945.0,3446.0
1077,717537687239008257,1,0,2.0,2069.0,6281.0
1078,717790033953034240,0,3,19.0,1272.0,3170.0
1079,717841801130979328,1,0,22.0,670.0,2660.0
1080,718234618122661888,1,0,0.0,1127.0,4217.0
1081,718246886998687744,1,0,1.0,565.0,2115.0
1082,718454725339934721,0,0,15.0,1685.0,5320.0
1083,718460005985447936,0,0,15.0,602.0,2846.0
1084,718540630683709445,1,0,20.0,1137.0,2730.0
1085,718613305783398402,1,0,1.0,542.0,2669.0
1086,718631497683582976,1,0,2.0,9126.0,20697.0
1087,718939241951195136,1,0,23.0,1973.0,5720.0
1088,718971898235854848,1,0,1.0,1231.0,3818.0
1089,719332531645071360,1,0,1.0,1078.0,3711.0
1090,719339463458033665,1,0,1.0,1403.0,4822.0
1091,719367763014393856,0,0,3.0,827.0,3022.0
1092,719551379208073216,1,0,15.0,2192.0,5515.0
1093,719704490224398336,0,3,1.0,1645.0,4974.0
1094,719991154352222208,1,1,20.0,1979.0,5281.0
1095,720043174954147842,1,0,0.0,2253.0,5332.0
1096,720059472081784833,1,0,1.0,1268.0,4229.0
1097,720340705894408192,0,3,19.0,1098.0,3131.0
1098,720389942216527872,1,0,23.0,2840.0,6974.0
1099,720415127506415616,1,0,0.0,1681.0,4503.0
1100,720775346191278080,1,0,0.0,760.0,2702.0
1101,720785406564900865,1,0,1.0,866.0,3400.0
1102,721001180231503872,1,3,15.0,686.0,2748.0
1103,721503162398597120,1,0,0.0,2124.0,5086.0
1104,722613351520608256,1,0,2.0,1831.0,5393.0
1105,722974582966214656,1,0,2.0,1764.0,4493.0
1106,723179728551723008,0,0,16.0,2110.0,5761.0
1107,723673163800948736,1,0,0.0,1011.0,3291.0
1108,723688335806480385,0,0,1.0,3347.0,8435.0
1109,723912936180330496,1,0,16.0,1374.0,4236.0
1110,724004602748780546,0,3,22.0,1790.0,4561.0
1111,724046343203856385,1,0,1.0,620.0,2901.0
1112,724049859469295616,1,0,1.0,1984.0,4738.0
1113,724405726123311104,1,3,1.0,1847.0,5800.0
1114,724771698126512129,1,1,1.0,725.0,2593.0
1115,724983749226668032,1,0,15.0,1462.0,4040.0
1116,725729321944506368,1,0,16.0,2009.0,5646.0
1117,725786712245440512,1,3,20.0,1527.0,4537.0
1118,725842289046749185,1,0,0.0,2970.0,7691.0
1119,726224900189511680,1,0,1.0,1302.0,4811.0
1120,726828223124897792,1,0,17.0,1124.0,3882.0
1121,726887082820554753,1,0,21.0,1677.0,4195.0
1122,726935089318363137,0,0,0.0,2738.0,7496.0
1123,727175381690781696,1,0,16.0,1540.0,4209.0
1124,727286334147182592,0,0,23.0,920.0,3324.0
1125,727314416056803329,1,3,1.0,834.0,3623.0
1126,727524757080539137,1,3,15.0,1379.0,4900.0
1127,727644517743104000,1,1,23.0,1962.0,6431.0
1128,727685679342333952,1,0,2.0,720.0,3206.0
1129,728015554473250816,1,3,0.0,1219.0,4479.0
1130,728035342121635841,0,3,1.0,1872.0,4953.0
1131,728046963732717569,1,0,2.0,1328.0,4722.0
1132,728387165835677696,1,0,0.0,1075.0,3999.0
1133,728409960103686147,0,0,2.0,2269.0,5383.0
1134,728653952833728512,0,0,18.0,1169.0,3620.0
1135,728751179681943552,1,0,0.0,757.0,3032.0
1136,728760639972315136,1,0,1.0,1911.0,5090.0
1137,728986383096946689,1,0,16.0,917.0,3460.0
1138,729113531270991872,0,0,0.0,370.0,2054.0
1139,729463711119904772,1,0,0.0,2586.0,6340.0
1140,729823566028484608,1,0,0.0,1390.0,4358.0
1141,729838605770891264,0,0,1.0,431.0,1856.0
1142,729854734790754305,0,0,2.0,1268.0,4396.0
1143,730196704625098752,0,0,0.0,2172.0,5339.0
1144,730211855403241472,1,0,1.0,1182.0,4180.0
1145,730427201120833536,1,0,15.0,1176.0,3809.0
1146,730573383004487680,1,3,1.0,2435.0,5407.0
1147,730924654643314689,0,0,0.0,2234.0,6682.0
1148,731156023742988288,0,0,16.0,1434.0,4196.0
1149,731285275100512256,1,0,0.0,1090.0,3798.0
1150,732005617171337216,1,0,0.0,6154.0,16324.0
1151,732375214819057664,0,1,1.0,2838.0,8832.0
1152,732585889486888962,1,0,14.0,868.0,4016.0
1153,732726085725589504,1,0,0.0,1003.0,3855.0
1154,732732193018155009,0,0,0.0,599.0,2671.0
1155,733109485275860992,1,5,1.0,17621.0,44619.0
1156,733460102733135873,1,0,0.0,1451.0,4605.0
1157,733482008106668032,1,0,2.0,1065.0,3438.0
1158,733822306246479872,1,2,0.0,1141.0,4015.0
1159,733828123016450049,1,0,1.0,881.0,3926.0
1160,734776360183431168,1,0,16.0,608.0,2742.0
1161,734787690684657664,1,0,16.0,7102.0,13745.0
1162,734912297295085568,1,0,1.0,572.0,2993.0
1163,735137028879360001,1,3,15.0,1092.0,3428.0
1164,735256018284875776,1,1,23.0,993.0,3675.0
1165,735274964362878976,0,0,1.0,4707.0,9629.0
1166,735635087207878657,1,0,0.0,2659.0,6776.0
1167,735648611367784448,1,3,1.0,1237.0,4397.0
1168,735991953473572864,1,0,0.0,1283.0,3934.0
1169,736010884653420544,1,0,1.0,3355.0,8652.0
1170,736225175608430592,1,0,15.0,3115.0,8901.0
1171,736365877722001409,0,3,1.0,1408.0,4367.0
1172,736736130620620800,1,0,1.0,1972.0,4736.0
1173,737310737551491075,0,0,15.0,8329.0,16040.0
1174,737322739594330112,0,0,16.0,907.0,3953.0
1175,737445876994609152,1,2,0.0,5048.0,11302.0
1176,737678689543020544,1,0,16.0,1509.0,5528.0
1177,737800304142471168,1,0,0.0,3904.0,10943.0
1178,737826014890496000,1,0,2.0,2006.0,5757.0
1179,738156290900254721,1,0,23.0,748.0,2768.0
1180,738166403467907072,1,0,0.0,3828.0,9635.0
1181,738184450748633089,1,0,1.0,1360.0,4727.0
1182,738402415918125056,1,0,16.0,955.0,3599.0
1183,738537504001953792,1,4,1.0,1759.0,5575.0
1184,738883359779196928,1,0,0.0,917.0,3661.0
1185,738885046782832640,0,0,0.0,1283.0,4127.0
1186,739238157791694849,1,1,23.0,52360.0,75163.0
1187,739485634323156992,1,0,15.0,3309.0,7887.0
1188,739544079319588864,1,0,19.0,24319.0,43694.0
1189,739606147276148736,1,3,23.0,1876.0,5897.0
1190,739844404073074688,1,0,15.0,966.0,4138.0
1191,739932936087216128,1,0,21.0,1217.0,4443.0
1192,739979191639244800,1,0,0.0,6719.0,21898.0
1193,740214038584557568,1,0,16.0,2220.0,7335.0
1194,740359016048689152,1,0,1.0,967.0,3610.0
1195,740365076218183684,0,0,2.0,495.0,2727.0
1196,740373189193256964,1,0,2.0,9220.0,20648.0
1197,740676976021798912,0,3,22.0,7724.0,19881.0
1198,740699697422163968,0,0,0.0,888.0,3101.0
1199,740711788199743490,1,0,1.0,1062.0,3736.0
1200,740995100998766593,1,0,19.0,3154.0,7018.0
1201,741067306818797568,1,5,0.0,3520.0,10342.0
1202,741303864243200000,1,0,16.0,3650.0,9631.0
1203,741438259667034112,1,0,1.0,937.0,4026.0
1204,741743634094141440,1,3,21.0,3144.0,8945.0
1205,741793263812808706,1,0,0.0,1698.0,4982.0
1206,742150209887731712,0,3,0.0,1783.0,5661.0
1207,742161199639494656,0,0,1.0,1547.0,4743.0
1208,742385895052087300,1,0,15.0,2266.0,7457.0
1209,742423170473463808,1,0,18.0,4319.0,10812.0
1210,742465774154047488,0,3,21.0,4382.0,7916.0
1211,742528092657332225,0,0,1.0,2245.0,4878.0
1212,743210557239623680,1,0,22.0,1560.0,4215.0
1213,743222593470234624,1,3,23.0,2164.0,6792.0
1214,743253157753532416,1,4,1.0,1366.0,4624.0
1215,743510151680958465,0,0,18.0,4185.0,8671.0
1216,743545585370791937,0,0,20.0,1066.0,3863.0
1217,743595368194129920,0,0,0.0,7445.0,20275.0
1218,743609206067040256,1,0,1.0,1560.0,4917.0
1219,743895849529389061,1,0,19.0,1087.0,3999.0
1220,743980027717509120,1,0,1.0,1231.0,4551.0
1221,744234799360020481,1,1,18.0,79515.0,131075.0
1222,744334592493166593,1,0,1.0,2412.0,7443.0
1223,744709971296780288,1,0,1.0,1771.0,6150.0
1224,744971049620602880,1,0,19.0,3042.0,8652.0
1225,744995568523612160,1,4,20.0,716.0,3277.0
1226,745057283344719872,1,0,0.0,2585.0,7945.0
1227,745314880350101504,0,0,17.0,3131.0,7863.0
1228,745422732645535745,1,0,1.0,2768.0,9412.0
1229,745433870967832576,0,1,1.0,2894.0,7824.0
1230,745712589599014916,0,0,20.0,2636.0,7652.0
1231,745789745784041472,1,0,1.0,1207.0,4437.0
1232,746056683365994496,1,0,19.0,931.0,3904.0
1233,746131877086527488,1,0,0.0,2511.0,7565.0
1234,746369468511756288,1,0,15.0,1854.0,6637.0
1235,746507379341139972,1,0,0.0,1226.0,5094.0
1236,746726898085036033,1,0,15.0,2037.0,6648.0
1237,746790600704425984,1,0,19.0,1806.0,5345.0
1238,746818907684614144,0,0,21.0,1944.0,5807.0
1239,746872823977771008,1,0,1.0,2429.0,6593.0
1240,746906459439529985,0,0,3.0,336.0,3168.0
1241,747103485104099331,1,0,16.0,4548.0,10534.0
1242,747204161125646336,0,0,23.0,1038.0,3722.0
1243,747219827526344708,1,0,0.0,1791.0,5792.0
1244,747461612269887489,0,0,16.0,1169.0,4249.0
1245,747512671126323200,1,0,19.0,1803.0,6110.0
1246,747594051852075008,1,0,0.0,1205.0,4065.0
1247,747600769478692864,1,0,1.0,619.0,2545.0
1248,747816857231626240,1,0,15.0,1316.0,5346.0
1249,747844099428986880,1,0,17.0,851.0,3084.0
1250,747885874273214464,1,0,20.0,1116.0,3243.0
1251,747933425676525569,1,0,23.0,2894.0,7310.0
1252,747963614829678593,1,3,1.0,2444.0,6397.0
1253,748307329658011649,0,0,0.0,810.0,4027.0
1254,748324050481647620,1,0,1.0,867.0,4078.0
1255,748346686624440324,1,0,2.0,1413.0,5735.0
1256,748568946752774144,1,0,17.0,776.0,2411.0
1257,748575535303884801,0,0,17.0,2272.0,6696.0
1258,748692773788876800,0,1,1.0,1504.0,4659.0
1259,748699167502000129,1,0,2.0,1814.0,5213.0
1260,748705597323898880,0,0,2.0,1067.0,3047.0
1261,748932637671223296,1,1,17.0,2564.0,6461.0
1262,748977405889503236,1,0,20.0,3759.0,11235.0
1263,749036806121881602,0,0,0.0,896.0,3425.0
1264,749064354620928000,1,0,2.0,1714.0,5277.0
1265,749317047558017024,1,2,19.0,2509.0,6076.0
1266,749395845976588288,1,0,0.0,3951.0,9488.0
1267,749403093750648834,1,0,0.0,622.0,2892.0
1268,749417653287129088,1,3,1.0,1904.0,6721.0
1269,749774190421639168,1,0,1.0,1493.0,5114.0
1270,749981277374128128,0,0,15.0,2772.0,5569.0
1271,749996283729883136,1,0,16.0,919.0,3331.0
1272,750011400160841729,0,1,17.0,1035.0,3568.0
1273,750026558547456000,1,0,18.0,888.0,2986.0
1274,750041628174217216,1,0,19.0,703.0,3502.0
1275,750056684286914561,1,0,20.0,1011.0,3444.0
1276,750071704093859840,1,3,21.0,3802.0,8653.0
1277,750086836815486976,1,0,22.0,613.0,2383.0
1278,750101899009982464,1,0,23.0,959.0,3344.0
1279,750117059602808832,1,0,0.0,1466.0,4740.0
1280,750132105863102464,1,0,1.0,1440.0,3990.0
1281,750147208377409536,1,0,2.0,1095.0,3409.0
1282,750383411068534784,1,3,17.0,1309.0,5005.0
1283,750429297815552001,1,0,20.0,4947.0,14569.0
1284,750506206503038976,0,3,1.0,1316.0,4934.0
1285,750719632563142656,1,0,15.0,5747.0,14621.0
1286,750868782890057730,1,3,1.0,1595.0,5306.0
1287,751132876104687617,1,4,19.0,1480.0,5610.0
1288,751205363882532864,1,0,0.0,2086.0,6948.0
1289,751251247299190784,1,0,3.0,6695.0,13791.0
1290,751456908746354688,1,3,16.0,1127.0,3516.0
1291,751538714308972544,1,0,22.0,1445.0,5547.0
1292,751583847268179968,1,5,1.0,1265.0,4849.0
1293,751598357617971201,1,0,2.0,3440.0,8699.0
1294,751830394383790080,1,0,17.0,2227.0,6428.0
1295,751937170840121344,1,0,0.0,1530.0,5770.0
1296,752173152931807232,1,0,16.0,2106.0,6569.0
1297,752309394570878976,0,,9.720160481444333,2766.753259779338,8895.725677031094
1298,752334515931054080,1,1,2.0,1263.0,4238.0
1299,752519690950500352,0,4,15.0,3917.0,8157.0
1300,752660715232722944,0,1,0.0,1794.0,4878.0
1301,752682090207055872,1,1,1.0,1846.0,6642.0
1302,752917284578922496,1,0,17.0,1790.0,7592.0
1303,753026973505581056,1,0,0.0,1109.0,4283.0
1304,753294487569522689,1,0,18.0,1191.0,3758.0
1305,753375668877008896,1,0,23.0,2655.0,8411.0
1306,753398408988139520,1,0,1.0,2186.0,6384.0
1307,753420520834629632,0,0,2.0,4071.0,8731.0
1308,753655901052166144,1,0,18.0,2492.0,6458.0
1309,754011816964026368,1,0,17.0,4079.0,9726.0
1310,754120377874386944,1,0,1.0,2670.0,8655.0
1311,754449512966619136,1,0,22.0,846.0,4147.0
1312,754482103782404096,0,0,1.0,2220.0,5852.0
1313,754747087846248448,0,0,18.0,591.0,2854.0
1314,754856583969079297,1,0,1.0,2870.0,7616.0
1315,754874841593970688,1,,9.720160481444333,2766.753259779338,8895.725677031094
1316,755110668769038337,1,0,18.0,12621.0,23446.0
1317,755206590534418437,0,1,1.0,6148.0,18212.0
1318,755955933503782912,1,3,2.0,3285.0,8092.0
1319,756275833623502848,1,4,23.0,1738.0,7114.0
1320,756288534030475264,0,0,0.0,15071.0,28519.0
1321,756303284449767430,1,0,1.0,1231.0,4359.0
1322,756526248105566208,0,1,16.0,4169.0,11506.0
1323,756651752796094464,1,0,0.0,1511.0,5612.0
1324,756939218950160384,1,3,19.0,2295.0,7342.0
1325,756998049151549440,1,0,23.0,2271.0,6923.0
1326,757354760399941633,1,0,23.0,1637.0,4995.0
1327,757393109802180609,1,1,1.0,2009.0,6462.0
1328,757400162377592832,0,0,2.0,7759.0,16743.0
1329,757596066325864448,0,0,15.0,1219.0,4808.0
1330,757597904299253760,0,,9.720160481444333,2766.753259779338,8895.725677031094
1331,757611664640446465,1,0,16.0,1272.0,5026.0
1332,757725642876129280,0,0,23.0,1391.0,5022.0
1333,757729163776290825,0,,9.720160481444333,2766.753259779338,8895.725677031094
1334,757741869644341248,0,0,0.0,3710.0,7613.0
1335,758041019896193024,0,0,20.0,433.0,3001.0
1336,758355060040593408,1,0,17.0,1245.0,3797.0
1337,758405701903519748,1,0,20.0,2204.0,5756.0
1338,758467244762497024,1,0,1.0,2539.0,5316.0
1339,758474966123810816,1,0,1.0,1132.0,4227.0
1340,758740312047005698,1,0,19.0,1824.0,6339.0
1341,758828659922702336,1,1,0.0,4376.0,12376.0
1342,758854675097526272,0,0,2.0,1027.0,3904.0
1343,759047813560868866,1,0,15.0,2302.0,7227.0
1344,759099523532779520,1,0,18.0,4813.0,16101.0
1345,759159934323924993,1,,9.720160481444333,2766.753259779338,8895.725677031094
1346,759197388317847553,1,0,1.0,2221.0,6725.0
1347,759447681597108224,1,0,17.0,2827.0,9418.0
1348,759557299618865152,1,0,1.0,1341.0,5202.0
1349,759566828574212096,1,,9.720160481444333,2766.753259779338,8895.725677031094
1350,759793422261743616,1,5,16.0,2173.0,6620.0
1351,759846353224826880,1,0,20.0,2265.0,7433.0
1352,759923798737051648,1,0,1.0,6521.0,16284.0
1353,760190180481531904,0,0,19.0,2079.0,6334.0
1354,760252756032651264,0,0,23.0,995.0,4338.0
1355,760290219849637889,1,0,1.0,13140.0,29618.0
1356,760539183865880579,1,0,18.0,4168.0,8399.0
1357,760641137271070720,0,0,0.0,1481.0,5485.0
1358,760656994973933572,1,0,2.0,2210.0,7343.0
1359,760893934457552897,1,1,17.0,1104.0,4228.0
1360,761004547850530816,1,0,1.0,3952.0,12482.0
1361,761227390836215808,0,0,15.0,1775.0,5908.0
1362,761292947749015552,1,0,20.0,1265.0,4957.0
1363,761334018830917632,1,0,22.0,1669.0,5792.0
1364,761371037149827077,0,,9.720160481444333,2766.753259779338,8895.725677031094
1365,761599872357261312,1,0,16.0,1336.0,4578.0
1366,761672994376806400,0,0,21.0,33421.0,55016.0
1367,761745352076779520,0,0,2.0,979.0,4707.0
1368,761750502866649088,1,,9.720160481444333,2766.753259779338,8895.725677031094
1369,761976711479193600,1,0,17.0,2310.0,5992.0
1370,762035686371364864,0,0,21.0,17919.0,35400.0
1371,762316489655476224,0,0,15.0,1298.0,5350.0
1372,762464539388485633,1,0,1.0,4839.0,11503.0
1373,762471784394268675,1,0,2.0,7612.0,12571.0
1374,762699858130116608,1,0,17.0,4190.0,13518.0
1375,763103485927849985,0,0,20.0,2602.0,8163.0
1376,763183847194451968,1,0,1.0,1702.0,6004.0
1377,763837565564780549,1,0,20.0,4858.0,14041.0
1378,764259802650378240,1,0,0.0,1745.0,6718.0
1379,764857477905154048,1,0,16.0,2029.0,7099.0
1380,765222098633691136,1,0,16.0,3914.0,12902.0
1381,765371061932261376,1,3,2.0,2475.0,7842.0
1382,765395769549590528,1,0,3.0,3127.0,20539.0
1383,765669560888528897,1,0,22.0,1407.0,5760.0
1384,765719909049503744,1,0,1.0,2475.0,8021.0
1385,766008592277377025,1,0,20.0,571.0,4149.0
1386,766069199026450432,1,0,0.0,1003.0,4765.0
1387,766078092750233600,1,,9.720160481444333,2766.753259779338,8895.725677031094
1388,766313316352462849,1,0,16.0,2166.0,7493.0
1389,766423258543644672,1,0,23.0,1825.0,6671.0
1390,766693177336135680,1,0,17.0,918.0,4484.0
1391,766793450729734144,1,0,0.0,1565.0,5650.0
1392,767122157629476866,1,0,22.0,3261.0,11227.0
1393,767191397493538821,0,1,2.0,4406.0,13643.0
1394,767500508068192258,1,0,23.0,2688.0,8295.0
1395,767754930266464257,1,0,16.0,6221.0,17814.0
1396,767884188863397888,0,0,0.0,1634.0,5309.0
1397,768193404517830656,0,1,21.0,4080.0,12157.0
1398,768473857036525572,1,0,15.0,3958.0,15110.0
1399,768596291618299904,1,0,23.0,1473.0,5592.0
1400,768609597686943744,1,0,0.0,1382.0,4580.0
1401,768855141948723200,1,0,16.0,1034.0,4660.0
1402,768970937022709760,1,0,0.0,7574.0,16017.0
1403,769212283578875904,1,0,16.0,1969.0,5980.0
1404,769695466921623552,1,0,0.0,1926.0,7101.0
1405,769940425801170949,1,0,16.0,11131.0,34948.0
1406,770069151037685760,1,0,1.0,2651.0,8385.0
1407,770093767776997377,1,,9.720160481444333,2766.753259779338,8895.725677031094
1408,770293558247038976,1,0,16.0,1718.0,6923.0
1409,770414278348247044,0,0,0.0,2390.0,6987.0
1410,770655142660169732,0,0,16.0,2013.0,8130.0
1411,770772759874076672,1,0,23.0,1626.0,5749.0
1412,770787852854652928,1,0,0.0,1415.0,5498.0
1413,771004394259247104,0,,9.720160481444333,2766.753259779338,8895.725677031094
1414,771014301343748096,0,0,15.0,1782.0,7032.0
1415,771102124360998913,1,0,21.0,1663.0,6898.0
1416,771136648247640064,0,0,0.0,3357.0,10223.0
1417,771171053431250945,1,,9.720160481444333,2766.753259779338,8895.725677031094
1418,771380798096281600,1,0,16.0,5912.0,11746.0
1419,771500966810099713,1,0,0.0,3018.0,9167.0
1420,771770456517009408,1,0,18.0,3924.0,13356.0
1421,772102971039580160,1,0,16.0,1065.0,4448.0
1422,772114945936949249,1,0,16.0,546.0,3005.0
1423,772117678702071809,1,0,17.0,848.0,4165.0
1424,772152991789019136,1,0,19.0,1300.0,4181.0
1425,772193107915964416,1,3,22.0,1612.0,6665.0
1426,772581559778025472,1,0,23.0,1968.0,7192.0
1427,772615324260794368,1,,9.720160481444333,2766.753259779338,8895.725677031094
1428,772826264096874500,1,0,15.0,2669.0,8842.0
1429,772877495989305348,0,0,19.0,4501.0,9555.0
1430,773191612633579521,1,0,16.0,4736.0,11117.0
1431,773247561583001600,0,0,19.0,3699.0,10414.0
1432,773308824254029826,0,0,23.0,8640.0,25846.0
1433,773547596996571136,1,3,15.0,7126.0,24553.0
1434,773670353721753600,1,0,23.0,1501.0,5935.0
1435,773704687002451968,1,0,2.0,1891.0,7317.0
1436,773922284943896577,1,0,16.0,1999.0,7110.0
1437,773985732834758656,0,3,20.0,4492.0,11925.0
1438,774314403806253056,1,0,18.0,6478.0,24167.0
1439,774639387460112384,1,0,16.0,2013.0,7508.0
1440,774757898236878852,1,0,23.0,2035.0,9462.0
1441,775085132600442880,1,0,21.0,5488.0,17281.0
1442,775364825476165632,1,1,16.0,3472.0,8295.0
1443,775729183532220416,0,0,16.0,5302.0,14361.0
1444,775733305207554048,0,1,16.0,4627.0,15413.0
1445,775842724423557120,1,0,23.0,3116.0,13022.0
1446,775898661951791106,1,,9.720160481444333,2766.753259779338,8895.725677031094
1447,776088319444877312,0,0,16.0,179.0,2045.0
1448,776113305656188928,0,3,17.0,5068.0,13102.0
1449,776201521193218049,1,0,23.0,2919.0,10681.0
1450,776218204058357768,1,2,0.0,18497.0,33345.0
1451,776477788987613185,1,3,17.0,3249.0,9858.0
1452,776813020089548800,1,0,16.0,1405.0,5444.0
1453,776819012571455488,1,,9.720160481444333,2766.753259779338,8895.725677031094
1454,777189768882946048,1,0,16.0,4999.0,15921.0
1455,777621514455814149,1,0,21.0,2910.0,9742.0
1456,777641927919427584,1,,9.720160481444333,2766.753259779338,8895.725677031094
1457,777684233540206592,1,0,1.0,3403.0,12518.0
1458,777885040357281792,1,0,15.0,1893.0,7078.0
1459,778027034220126208,1,3,0.0,1885.0,7320.0
1460,778039087836069888,1,3,1.0,3065.0,9417.0
1461,778286810187399168,1,0,17.0,3836.0,11576.0
1462,778383385161035776,1,0,0.0,1271.0,6515.0
1463,778396591732486144,0,,9.720160481444333,2766.753259779338,8895.725677031094
1464,778408200802557953,1,0,1.0,5023.0,15135.0
1465,778624900596654080,1,0,16.0,1176.0,5177.0
1466,778650543019483137,1,0,17.0,1729.0,6430.0
1467,778748913645780993,1,0,0.0,1562.0,7717.0
1468,778990705243029504,1,0,16.0,8437.0,22342.0
1469,779056095788752897,1,0,20.0,5247.0,16500.0
1470,779123168116150273,1,0,1.0,4207.0,13206.0
1471,779377524342161408,0,3,17.0,3613.0,9831.0
1472,779834332596887552,1,0,0.0,8237.0,21252.0
1473,780192070812196864,1,0,23.0,2589.0,9712.0
1474,780459368902959104,1,0,17.0,1224.0,5892.0
1475,780476555013349377,1,,9.720160481444333,2766.753259779338,8895.725677031094
1476,780496263422808064,1,,9.720160481444333,2766.753259779338,8895.725677031094
1477,780543529827336192,1,0,23.0,2032.0,7040.0
1478,780601303617732608,1,0,2.0,3839.0,13525.0
1479,780800785462489090,1,0,16.0,1505.0,6141.0
1480,780858289093574656,1,0,19.0,2328.0,8033.0
1481,780931614150983680,0,4,0.0,8536.0,24192.0
1482,781163403222056960,1,0,16.0,3168.0,10895.0
1483,781251288990355457,1,0,21.0,2458.0,9428.0
1484,781524693396357120,0,0,16.0,6426.0,23163.0
1485,781661882474196992,1,0,1.0,3129.0,11634.0
1486,781955203444699136,0,0,20.0,3920.0,12357.0
1487,782021823840026624,1,,9.720160481444333,2766.753259779338,8895.725677031094
1488,782305867769217024,1,1,19.0,6470.0,18630.0
1489,782598640137187329,1,0,15.0,2184.0,8694.0
1490,782722598790725632,1,0,23.0,6238.0,19250.0
1491,782747134529531904,1,1,1.0,1604.0,8310.0
1492,782969140009107456,0,0,15.0,8521.0,26949.0
1493,783085703974514689,1,0,23.0,2565.0,9112.0
1494,783334639985389568,1,0,15.0,13616.0,32651.0
1495,783347506784731136,1,,9.720160481444333,2766.753259779338,8895.725677031094
1496,783391753726550016,1,0,19.0,6441.0,18908.0
1497,783466772167098368,1,0,0.0,2608.0,9468.0
1498,783695101801398276,1,0,15.0,3737.0,11650.0
1499,783821107061198850,1,0,0.0,2269.0,8209.0
1500,783839966405230592,0,0,1.0,12643.0,33689.0
1501,784431430411685888,1,0,16.0,1491.0,6329.0
1502,784517518371221505,1,0,22.0,2970.0,10039.0
1503,784826020293709826,1,0,18.0,3712.0,11310.0
1504,785170936622350336,0,0,17.0,5639.0,13491.0
1505,785264754247995392,0,0,23.0,1911.0,8128.0
1506,785533386513321988,1,0,17.0,2334.0,10183.0
1507,785639753186217984,0,5,0.0,2561.0,8735.0
1508,785872687017132033,1,0,16.0,2130.0,7489.0
1509,785927819176054784,0,0,19.0,3652.0,12696.0
1510,786036967502913536,1,,9.720160481444333,2766.753259779338,8895.725677031094
1511,786233965241827333,1,0,15.0,5571.0,17178.0
1512,786363235746385920,1,1,0.0,4072.0,12189.0
1513,786595970293370880,1,0,15.0,3601.0,10497.0
1514,786664955043049472,1,0,20.0,2996.0,11957.0
1515,786709082849828864,1,0,23.0,7069.0,20296.0
1516,786963064373534720,1,0,16.0,9327.0,29725.0
1517,787322443945877504,0,0,16.0,2032.0,8726.0
1518,787397959788929025,1,0,21.0,3300.0,12120.0
1519,787717603741622272,1,4,18.0,3240.0,11416.0
1520,787810552592695296,1,0,0.0,3540.0,9717.0
1521,788039637453406209,0,0,15.0,1535.0,6867.0
1522,788070120937619456,1,,9.720160481444333,2766.753259779338,8895.725677031094
1523,788150585577050112,1,0,22.0,1510.0,6865.0
1524,788178268662984705,1,0,0.0,2488.0,8100.0
1525,788412144018661376,1,0,16.0,5990.0,16060.0
1526,788765914992902144,1,0,15.0,12014.0,30658.0
1527,788908386943430656,0,0,1.0,14409.0,30653.0
1528,789137962068021249,1,0,16.0,3244.0,10875.0
1529,789268448748703744,1,0,0.0,3014.0,10196.0
1530,789530877013393408,1,0,18.0,3942.0,13188.0
1531,789599242079838210,1,0,22.0,2279.0,7620.0
1532,789628658055020548,1,0,0.0,2080.0,8448.0
1533,789986466051088384,0,0,0.0,2704.0,10369.0
1534,790277117346975746,1,0,19.0,3732.0,14081.0
1535,790337589677002753,1,0,23.0,2167.0,8740.0
1536,790581949425475584,0,0,15.0,8183.0,22473.0
1537,790698755171364864,1,0,23.0,2203.0,9158.0
1538,790723298204217344,0,,9.720160481444333,2766.753259779338,8895.725677031094
1539,790946055508652032,0,4,16.0,5496.0,18601.0
1540,790987426131050500,1,0,18.0,2483.0,11089.0
1541,791026214425268224,1,,9.720160481444333,2766.753259779338,8895.725677031094
1542,791312159183634433,1,0,16.0,2963.0,9841.0
1543,791406955684368384,1,0,22.0,4797.0,14670.0
1544,791672322847637504,1,0,16.0,3661.0,13129.0
1545,792050063153438720,1,0,17.0,2088.0,8029.0
1546,792394556390137856,1,0,15.0,4998.0,15128.0
1547,792773781206999040,1,0,17.0,1963.0,8209.0
1548,792883833364439040,0,0,0.0,4964.0,12666.0
1549,792913359805018113,0,0,2.0,4715.0,16063.0
1550,793120401413079041,1,0,16.0,4551.0,14202.0
1551,793135492858580992,0,0,17.0,2893.0,7214.0
1552,793150605191548928,1,0,18.0,1984.0,6909.0
1553,793165685325201412,1,0,19.0,3238.0,10478.0
1554,793180763617361921,1,0,20.0,2310.0,7740.0
1555,793195938047070209,1,4,21.0,6547.0,17063.0
1556,793210959003287553,0,0,22.0,3301.0,9997.0
1557,793226087023144960,1,0,23.0,3338.0,11001.0
1558,793241302385262592,1,0,0.0,3812.0,11780.0
1559,793256262322548741,1,0,1.0,9714.0,22350.0
1560,793271401113350145,1,0,2.0,2763.0,9677.0
1561,793286476301799424,1,0,3.0,10723.0,27597.0
1562,793500921481273345,1,0,17.0,2786.0,11953.0
1563,793601777308463104,1,0,23.0,1908.0,8926.0
1564,793614319594401792,1,,9.720160481444333,2766.753259779338,8895.725677031094
1565,793845145112371200,1,0,16.0,2187.0,10295.0
1566,793962221541933056,1,0,23.0,5711.0,18910.0
1567,794205286408003585,0,3,15.0,3895.0,10314.0
1568,794332329137291264,1,0,0.0,3088.0,10686.0
1569,794355576146903043,1,,9.720160481444333,2766.753259779338,8895.725677031094
1570,794926597468000259,0,0,15.0,2697.0,11492.0
1571,794983741416415232,1,,9.720160481444333,2766.753259779338,8895.725677031094
1572,795076730285391872,0,0,1.0,6288.0,18139.0
1573,795400264262053889,1,0,22.0,3323.0,11270.0
1574,795464331001561088,1,1,3.0,27728.0,55683.0
1575,796031486298386433,1,0,16.0,4284.0,12071.0
1576,796080075804475393,1,0,20.0,2703.0,9469.0
1577,796116448414461957,1,0,22.0,2813.0,10139.0
1578,796149749086875649,1,0,0.0,16628.0,36177.0
1579,796177847564038144,1,,9.720160481444333,2766.753259779338,8895.725677031094
1580,796387464403357696,1,0,16.0,4861.0,12334.0
1581,796484825502875648,1,1,22.0,2042.0,8472.0
1582,796759840936919040,1,0,17.0,3562.0,13256.0
1583,796865951799083009,1,0,0.0,2198.0,8564.0
1584,797236660651966464,1,0,0.0,7726.0,22328.0
1585,797545162159308800,1,0,21.0,5656.0,16198.0
1586,797971864723324932,1,3,1.0,3652.0,13018.0
1587,798209839306514432,1,0,17.0,2954.0,11548.0
1588,798340744599797760,1,,9.720160481444333,2766.753259779338,8895.725677031094
1589,798628517273620480,1,,9.720160481444333,2766.753259779338,8895.725677031094
1590,798644042770751489,1,,9.720160481444333,2766.753259779338,8895.725677031094
1591,798665375516884993,1,,9.720160481444333,2766.753259779338,8895.725677031094
1592,798673117451325440,0,,9.720160481444333,2766.753259779338,8895.725677031094
1593,798694562394996736,1,,9.720160481444333,2766.753259779338,8895.725677031094
1594,798697898615730177,1,,9.720160481444333,2766.753259779338,8895.725677031094
1595,798925684722855936,1,0,16.0,1663.0,8246.0
1596,798933969379225600,1,0,17.0,5203.0,14712.0
1597,799063482566066176,1,0,1.0,2863.0,9058.0
1598,799297110730567681,1,0,17.0,3227.0,11065.0
1599,799422933579902976,1,0,1.0,2213.0,8965.0
1600,799757965289017345,1,1,23.0,2506.0,9390.0
1601,799774291445383169,1,,9.720160481444333,2766.753259779338,8895.725677031094
1602,800018252395122689,0,1,16.0,15351.0,31768.0
1603,800141422401830912,1,0,0.0,2980.0,17092.0
1604,800388270626521089,1,2,17.0,3265.0,12456.0
1605,800443802682937345,0,,9.720160481444333,2766.753259779338,8895.725677031094
1606,800459316964663297,0,3,22.0,2489.0,10538.0
1607,800513324630806528,1,0,1.0,3495.0,14685.0
1608,800751577355128832,1,0,17.0,3214.0,11701.0
1609,801115127852503040,1,5,17.0,2429.0,8992.0
1610,801167903437357056,1,0,20.0,6961.0,27386.0
1611,801285448605831168,0,0,4.0,960.0,6802.0
1612,801538201127157760,1,0,21.0,2391.0,9141.0
1613,801958328846974976,1,0,1.0,1992.0,8608.0
1614,802239329049477120,1,4,19.0,3040.0,10132.0
1615,802247111496568832,1,,9.720160481444333,2766.753259779338,8895.725677031094
1616,802265048156610565,1,5,21.0,1573.0,7039.0
1617,802323869084381190,0,0,1.0,6808.0,18124.0
1618,802572683846291456,1,0,18.0,2926.0,9959.0
1619,802624713319034886,1,,9.720160481444333,2766.753259779338,8895.725677031094
1620,802952499103731712,1,0,19.0,2336.0,10085.0
1621,803276597545603072,1,0,16.0,2887.0,11207.0
1622,803380650405482500,0,0,23.0,2169.0,8601.0
1623,803638050916102144,1,3,16.0,4828.0,12270.0
1624,803692223237865472,1,,9.720160481444333,2766.753259779338,8895.725677031094
1625,803773340896923648,1,4,1.0,3220.0,11203.0
1626,804026241225523202,0,0,18.0,18876.0,49774.0
1627,804413760345620481,1,,9.720160481444333,2766.753259779338,8895.725677031094
1628,804738756058218496,1,0,17.0,4480.0,15326.0
1629,805207613751304193,1,0,0.0,1972.0,8680.0
1630,805487436403003392,0,0,19.0,2929.0,9773.0
1631,805520635690676224,1,0,21.0,1905.0,6368.0
1632,805826884734976000,1,0,17.0,2132.0,7335.0
1633,805932879469572096,1,0,0.0,2209.0,9178.0
1634,805958939288408065,1,,9.720160481444333,2766.753259779338,8895.725677031094
1635,806219024703037440,1,0,19.0,1388.0,7145.0
1636,806242860592926720,1,,9.720160481444333,2766.753259779338,8895.725677031094
1637,806542213899489280,1,0,16.0,2752.0,11363.0
1638,806629075125202948,0,0,22.0,37911.0,75639.0
1639,807010152071229440,1,0,23.0,4418.0,14514.0
1640,807059379405148160,0,,9.720160481444333,2766.753259779338,8895.725677031094
1641,807106840509214720,1,0,6.0,56625.0,107015.0
1642,807621403335917568,1,3,16.0,4288.0,16236.0
1643,808001312164028416,1,0,17.0,4098.0,14015.0
1644,808106460588765185,1,5,0.0,2525.0,9701.0
1645,808134635716833280,1,,9.720160481444333,2766.753259779338,8895.725677031094
1646,808501579447930884,1,0,2.0,3007.0,12595.0
1647,808733504066486276,0,3,18.0,2509.0,8784.0
1648,808838249661788160,1,0,0.0,3536.0,11271.0
1649,809084759137812480,1,0,17.0,4046.0,14685.0
1650,809220051211603969,1,0,2.0,6554.0,22246.0
1651,809448704142938112,1,0,17.0,1696.0,7727.0
1652,809808892968534016,1,,9.720160481444333,2766.753259779338,8895.725677031094
1653,809920764300447744,1,0,0.0,4521.0,17250.0
1654,810254108431155201,1,0,22.0,3901.0,16380.0
1655,810284430598270976,1,0,0.0,13369.0,39640.0
1656,810657578271330305,1,0,1.0,3057.0,12192.0
1657,810896069567610880,1,0,17.0,2090.0,10093.0
1658,810984652412424192,1,0,23.0,1655.0,5927.0
1659,811386762094317568,1,3,1.0,7444.0,23302.0
1660,811627233043480576,1,0,17.0,3650.0,14265.0
1661,811744202451197953,1,0,1.0,1884.0,8429.0
1662,811985624773361665,1,0,17.0,1647.0,8102.0
1663,812372279581671427,1,0,19.0,4252.0,15224.0
1664,812466873996607488,0,0,1.0,2231.0,8900.0
1665,812503143955202048,0,0,3.0,1424.0,6787.0
1666,812709060537683968,1,0,17.0,1665.0,7373.0
1667,812781120811126785,1,0,22.0,2191.0,8380.0
1668,813051746834595840,1,0,16.0,8503.0,23337.0
1669,813066809284972545,1,0,17.0,2276.0,8865.0
1670,813081950185472002,1,0,18.0,3220.0,10989.0
1671,813096984823349248,1,1,19.0,4207.0,11694.0
1672,813112105746448384,0,0,20.0,3225.0,11515.0
1673,813127251579564032,1,1,21.0,3652.0,13242.0
1674,813142292504645637,1,0,22.0,2728.0,9361.0
1675,813157409116065792,0,0,23.0,2557.0,8588.0
1676,813172488309972993,0,0,0.0,2236.0,10384.0
1677,813187593374461952,1,0,1.0,5096.0,22085.0
1678,813202720496779264,1,1,2.0,2090.0,10192.0
1679,813217897535406080,1,0,3.0,8476.0,20783.0
1680,813800681631023104,1,0,17.0,2060.0,9300.0
1681,813812741911748608,1,0,18.0,16267.0,40402.0
1682,813910438903693312,1,1,0.0,2194.0,10342.0
1683,813944609378369540,1,,9.720160481444333,2766.753259779338,8895.725677031094
1684,814153002265309185,1,0,16.0,10080.0,32000.0
1685,814530161257443328,1,0,17.0,2156.0,9629.0
1686,814638523311648768,1,0,1.0,3130.0,12511.0
1687,814986499976527872,1,3,0.0,1505.0,8485.0
1688,815390420867969024,0,0,2.0,4407.0,11467.0
1689,815639385530101762,1,0,19.0,1918.0,9161.0
1690,815736392542261248,1,0,1.0,2625.0,10937.0
1691,815966073409433600,1,3,17.0,9907.0,25057.0
1692,815990720817401858,1,0,18.0,1207.0,5545.0
1693,816014286006976512,1,,9.720160481444333,2766.753259779338,8895.725677031094
1694,816091915477250048,1,0,1.0,2500.0,9927.0
1695,816336735214911488,1,0,17.0,2269.0,9564.0
1696,816450570814898180,0,0,1.0,9366.0,33961.0
1697,816697700272001025,1,0,17.0,2545.0,10905.0
1698,816816676327063552,1,0,1.0,2361.0,11071.0
1699,816829038950027264,0,,9.720160481444333,2766.753259779338,8895.725677031094
1700,817056546584727552,1,0,17.0,1927.0,9517.0
1701,817120970343411712,1,0,21.0,3011.0,13367.0
1702,817171292965273600,1,0,0.0,2326.0,9690.0
1703,817181837579653120,1,,9.720160481444333,2766.753259779338,8895.725677031094
1704,817415592588222464,1,0,17.0,1131.0,6267.0
1705,817423860136083457,0,0,17.0,17504.0,38260.0
1706,817536400337801217,1,0,1.0,3505.0,13105.0
1707,817777686764523521,1,5,16.0,3084.0,11901.0
1708,817827839487737858,1,0,20.0,31314.0,57622.0
1709,818145370475810820,1,0,17.0,3014.0,13671.0
1710,818259473185828864,1,0,0.0,2621.0,12197.0
1711,818536468981415936,0,0,19.0,2873.0,12127.0
1712,818588835076603904,1,,9.720160481444333,2766.753259779338,8895.725677031094
1713,818614493328580609,1,0,0.0,2982.0,10971.0
1714,818627210458333184,1,0,1.0,8564.0,24597.0
1715,819004803107983360,1,1,2.0,42228.0,95450.0
1716,819006400881917954,0,1,2.0,21794.0,49960.0
1717,819015331746349057,0,,9.720160481444333,2766.753259779338,8895.725677031094
1718,819015337530290176,1,,9.720160481444333,2766.753259779338,8895.725677031094
1719,819227688460238848,1,0,17.0,7733.0,25652.0
1720,819347104292290561,1,0,0.0,1383.0,8008.0
1721,819588359383371776,1,0,16.0,2271.0,10606.0
1722,819711362133872643,0,0,1.0,3604.0,14916.0
1723,819924195358416896,0,1,15.0,5607.0,14305.0
1724,819952236453363712,1,4,17.0,1369.0,5927.0
1725,820078625395449857,0,0,1.0,7246.0,21979.0
1726,820314633777061888,1,0,17.0,648.0,3706.0
1727,820446719150292993,1,,9.720160481444333,2766.753259779338,8895.725677031094
1728,820690176645140481,1,0,17.0,3716.0,13518.0
1729,820749716845686786,1,0,21.0,11525.0,34984.0
1730,821044531881721856,1,0,17.0,2636.0,14021.0
1731,821107785811234820,1,1,21.0,2487.0,10645.0
1732,821149554670182400,1,0,0.0,2320.0,9718.0
1733,821407182352777218,1,1,17.0,5053.0,13075.0
1734,821522889702862852,1,0,1.0,2030.0,8871.0
1735,821765923262631936,1,1,17.0,1899.0,9317.0
1736,821813639212650496,1,,9.720160481444333,2766.753259779338,8895.725677031094
1737,821886076407029760,1,0,1.0,2692.0,12582.0
1738,822244816520155136,1,0,0.0,11421.0,38832.0
1739,822462944365645825,1,3,15.0,17209.0,31800.0
1740,822489057087389700,1,0,17.0,7390.0,20083.0
1741,822610361945911296,1,0,1.0,3423.0,16327.0
1742,822647212903690241,1,,9.720160481444333,2766.753259779338,8895.725677031094
1743,822859134160621569,1,0,17.0,2622.0,14576.0
1744,822872901745569793,1,4,18.0,48265.0,132810.0
1745,822975315408461824,0,0,1.0,3958.0,19139.0
1746,823269594223824897,1,,9.720160481444333,2766.753259779338,8895.725677031094
1747,823322678127919110,0,0,0.0,4637.0,17437.0
1748,823581115634085888,0,0,17.0,3031.0,14376.0
1749,823699002998870016,1,0,1.0,2772.0,13826.0
1750,823939628516474880,1,0,17.0,3123.0,11755.0
1751,824297048279236611,0,0,16.0,4463.0,16625.0
1752,824325613288833024,1,3,18.0,11848.0,12999.0
1753,824663926340194305,1,0,17.0,1993.0,11113.0
1754,824775126675836928,1,0,0.0,4069.0,16508.0
1755,824796380199809024,0,,9.720160481444333,2766.753259779338,8895.725677031094
1756,825026590719483904,1,4,17.0,1483.0,7020.0
1757,825147591692263424,1,0,1.0,5244.0,20181.0
1758,825535076884762624,1,4,2.0,19669.0,56413.0
1759,825829644528148480,1,0,22.0,2848.0,14025.0
1760,825876512159186944,0,0,1.0,2146.0,11525.0
1761,826115272272650244,0,0,17.0,3599.0,17299.0
1762,826204788643753985,1,1,23.0,1075.0,5361.0
1763,826240494070030336,1,0,1.0,2965.0,14614.0
1764,826476773533745153,1,1,17.0,4821.0,20275.0
1765,826598365270007810,1,0,1.0,2709.0,11117.0
1766,826848821049180160,1,1,17.0,11878.0,40325.0
1767,826958653328592898,1,1,1.0,5757.0,23767.0
1768,827199976799354881,1,0,17.0,2579.0,11659.0
1769,827324948884643840,1,0,1.0,3510.0,17523.0
1770,827600520311402496,1,0,19.0,1082.0,8143.0
1771,827653905312006145,1,0,23.0,3433.0,16983.0
1772,827933404142436356,1,3,17.0,5987.0,22180.0
1773,828011680017821696,1,0,22.0,2451.0,11411.0
1774,828046555563323392,0,0,1.0,3260.0,12923.0
1775,828372645993398273,1,0,22.0,3344.0,13756.0
1776,828376505180889089,1,0,22.0,1216.0,8112.0
1777,828381636999917570,1,1,23.0,2554.0,13864.0
1778,828408677031882754,1,0,1.0,1477.0,8398.0
1779,828409743546925057,0,0,1.0,1305.0,6898.0
1780,828650029636317184,1,0,17.0,1544.0,10467.0
1781,828708714936930305,0,0,20.0,12882.0,40241.0
1782,828770345708580865,0,0,1.0,6746.0,28085.0
1783,829011960981237760,1,0,17.0,18627.0,58302.0
1784,829141528400556032,1,0,1.0,8530.0,26952.0
1785,829374341691346946,1,1,17.0,10706.0,38074.0
1786,829449946868879360,1,1,22.0,2329.0,11519.0
1787,829501995190984704,1,0,1.0,12224.0,34913.0
1788,829861396166877184,1,0,1.0,2243.0,13441.0
1789,829878982036299777,1,,9.720160481444333,2766.753259779338,8895.725677031094
1790,830097400375152640,1,0,16.0,3455.0,10804.0
1791,830583320585068544,1,0,1.0,19297.0,73397.0
1792,830956169170665475,1,0,1.0,1735.0,8735.0
1793,831262627380748289,1,0,22.0,2350.0,13066.0
1794,831309418084069378,1,0,1.0,2786.0,12819.0
1795,831315979191906304,1,3,1.0,1264.0,7117.0
1796,831322785565769729,1,1,2.0,1744.0,10042.0
1797,831552930092285952,1,0,17.0,2632.0,9872.0
1798,831650051525054464,1,0,23.0,2243.0,7908.0
1799,831670449226514432,1,0,1.0,2059.0,11469.0
1800,831911600680497154,1,0,17.0,7458.0,30380.0
1801,831939777352105988,1,1,18.0,7031.0,26404.0
1802,832032802820481025,1,1,1.0,4746.0,13887.0
1803,832040443403784192,1,,9.720160481444333,2766.753259779338,8895.725677031094
1804,832215726631055365,1,,9.720160481444333,2766.753259779338,8895.725677031094
1805,832273440279240704,1,1,17.0,2673.0,12385.0
1806,832369877331693569,1,0,23.0,3652.0,18792.0
1807,832397543355072512,1,0,1.0,2548.0,13126.0
1808,832636094638288896,1,0,17.0,3220.0,17379.0
1809,832757312314028032,1,0,1.0,4127.0,18423.0
1810,832769181346996225,0,,9.720160481444333,2766.753259779338,8895.725677031094
1811,832998151111966721,1,1,17.0,2522.0,14549.0
1812,833124694597443584,1,3,1.0,5513.0,22133.0
1813,833479644947025920,1,0,0.0,2357.0,16258.0
1814,833722901757046785,1,0,17.0,3636.0,22585.0
1815,833826103416520705,1,0,23.0,3904.0,16728.0
1816,833863086058651648,1,0,2.0,2729.0,14661.0
1817,834086379323871233,0,0,17.0,2512.0,14296.0
1818,834167344700198914,0,0,22.0,4130.0,17194.0
1819,834209720923721728,1,0,1.0,5476.0,22594.0
1820,834458053273591808,1,0,17.0,1899.0,10512.0
1821,834574053763584002,0,1,1.0,2882.0,14993.0
1822,834786237630337024,1,0,15.0,6159.0,22943.0
1823,834931633769889797,0,0,1.0,1878.0,11838.0
1824,835152434251116546,0,0,15.0,3443.0,24574.0
1825,835172783151792128,1,0,17.0,6516.0,28552.0
1826,835264098648616962,0,0,23.0,1939.0,8503.0
1827,835297930240217089,1,0,1.0,3381.0,17847.0
1828,835574547218894849,1,0,19.0,4121.0,19447.0
1829,836001077879255040,1,0,23.0,4935.0,20924.0
1830,836260088725786625,1,0,17.0,4850.0,23177.0
1831,836380477523124226,0,3,1.0,3337.0,16037.0
1832,836677758902222849,0,0,20.0,2522.0,13782.0
1833,836753516572119041,0,1,1.0,5237.0,21029.0
1834,836989968035819520,0,0,17.0,2610.0,13879.0
1835,837012587749474308,0,,9.720160481444333,2766.753259779338,8895.725677031094
1836,837110210464448512,1,3,1.0,2731.0,17480.0
1837,837366284874571778,1,0,18.0,6005.0,23074.0
1838,837471256429613056,1,0,1.0,2631.0,13967.0
1839,837482249356513284,0,0,1.0,495.0,4204.0
1840,837820167694528512,1,3,0.0,8952.0,37277.0
1841,838083903487373313,1,0,17.0,3582.0,19183.0
1842,838476387338051585,1,0,19.0,5484.0,24664.0
1843,838561493054533637,1,0,1.0,1504.0,11892.0
1844,838916489579200512,0,,9.720160481444333,2766.753259779338,8895.725677031094
1845,838921590096166913,1,0,1.0,2357.0,12183.0
1846,839239871831150596,1,0,22.0,7422.0,29684.0
1847,839290600511926273,0,,9.720160481444333,2766.753259779338,8895.725677031094
1848,839549326359670784,0,0,18.0,8805.0,29957.0
1849,839990271299457024,1,0,0.0,2597.0,14640.0
1850,840268004936019968,1,0,18.0,6497.0,20950.0
1851,840370681858686976,0,0,1.0,5146.0,17918.0
1852,840632337062862849,1,0,18.0,1972.0,9761.0
1853,840696689258311684,0,0,22.0,1116.0,13377.0
1854,841077006473256960,1,0,0.0,5991.0,24926.0
1855,841314665196081154,1,0,15.0,5312.0,17305.0
1856,841439858740625411,0,0,0.0,4168.0,13755.0
1857,841680585030541313,1,0,16.0,8748.0,27854.0
1858,841833993020538882,0,,9.720160481444333,2766.753259779338,8895.725677031094
1859,842115215311396866,1,0,20.0,3386.0,15204.0
1860,842163532590374912,1,0,0.0,6568.0,26569.0
1861,842535590457499648,1,0,0.0,3937.0,19637.0
1862,842765311967449089,0,0,15.0,1439.0,7321.0
1863,842846295480000512,1,0,21.0,4023.0,16440.0
1864,842892208864923648,1,,9.720160481444333,2766.753259779338,8895.725677031094
1865,843235543001513987,1,0,22.0,6852.0,23315.0
1866,843604394117681152,1,0,23.0,3081.0,18310.0
1867,843856843873095681,1,0,16.0,5220.0,23211.0
1868,844223788422217728,1,0,16.0,2450.0,14753.0
1869,844580511645339650,0,0,16.0,3533.0,17871.0
1870,844704788403113984,1,0,0.0,11633.0,42022.0
1871,844973813909606400,1,0,18.0,3617.0,16361.0
1872,844979544864018432,0,0,18.0,2909.0,14738.0
1873,845306882940190720,1,3,16.0,6039.0,25225.0
1874,845397057150107648,1,1,22.0,2072.0,8241.0
1875,845677943972139009,1,0,16.0,5365.0,27154.0
1876,845812042753855489,1,0,1.0,9894.0,31737.0
1877,846042936437604353,1,0,16.0,3224.0,17256.0
1878,846153765933735936,1,0,0.0,10226.0,34394.0
1879,846514051647705089,1,1,0.0,13076.0,48410.0
1880,846874817362120707,1,0,0.0,4404.0,21685.0
1881,847116187444137987,0,0,16.0,3583.0,23108.0
1882,847157206088847362,1,0,18.0,6572.0,21588.0
1883,847251039262605312,1,0,0.0,4800.0,22036.0
1884,847606175596138505,1,0,0.0,3774.0,20208.0
1885,847842811428974592,1,0,16.0,1522.0,5935.0
1886,847962785489326080,0,0,0.0,5730.0,25296.0
1887,847971574464610304,0,,9.720160481444333,2766.753259779338,8895.725677031094
1888,848212111729840128,1,0,16.0,3444.0,17618.0
1889,848324959059550208,1,0,0.0,4037.0,20229.0
1890,848690551926992896,1,0,0.0,4826.0,27104.0
1891,849051919805034497,0,0,0.0,7396.0,32617.0
1892,849336543269576704,0,0,19.0,2101.0,12240.0
1893,849412302885593088,1,0,0.0,3487.0,17039.0
1894,849776966551130114,1,0,0.0,8404.0,32390.0
1895,850019790995546112,1,3,16.0,5459.0,21944.0
1896,850145622816686080,0,0,0.0,4244.0,17519.0
1897,850380195714523136,1,0,16.0,2915.0,13994.0
1898,850753642995093505,1,0,16.0,10352.0,33348.0
1899,851224888060895234,0,0,0.0,6350.0,22090.0
1900,851464819735769094,0,0,16.0,7855.0,25944.0
1901,851591660324737024,1,0,0.0,3819.0,17300.0
1902,851861385021730816,0,,9.720160481444333,2766.753259779338,8895.725677031094
1903,851953902622658560,1,,9.720160481444333,2766.753259779338,8895.725677031094
1904,852189679701164033,0,0,16.0,1741.0,12217.0
1905,852226086759018497,0,0,18.0,7570.0,21378.0
1906,852311364735569921,0,0,0.0,10961.0,35325.0
1907,852553447878664193,1,0,16.0,3885.0,17492.0
1908,852672615818899456,1,0,23.0,2388.0,15939.0
1909,852912242202992640,1,0,15.0,2037.0,9658.0
1910,853299958564483072,0,0,17.0,3928.0,16508.0
1911,853639147608842240,1,0,16.0,11265.0,37198.0
1912,853760880890318849,1,0,0.0,6403.0,30414.0
1913,854010172552949760,1,5,16.0,3433.0,17169.0
1914,854120357044912130,1,3,23.0,8285.0,33911.0
1915,854365224396361728,1,0,16.0,5159.0,20046.0
1916,854482394044301312,1,0,23.0,7608.0,31131.0
1917,854732716440526848,1,0,16.0,6690.0,24188.0
1918,855459453768019968,1,0,16.0,8987.0,31657.0
1919,855851453814013952,1,5,18.0,19196.0,47844.0
1920,856282028240666624,1,0,23.0,6841.0,29086.0
1921,856526610513747968,1,0,15.0,2068.0,12446.0
1922,856543823941562368,1,0,16.0,3131.0,17135.0
1923,857029823797047296,1,0,0.0,4364.0,19910.0
1924,857263160327368704,1,0,16.0,4934.0,21041.0
1925,857393404942143489,1,0,0.0,1785.0,6236.0
1926,857746408056729600,1,0,0.0,11524.0,36021.0
1927,857989990357356544,1,0,16.0,2812.0,16952.0
1928,858107933456039936,1,0,23.0,3154.0,16524.0
1929,858471635011153920,1,0,0.0,5271.0,22640.0
1930,858843525470990336,1,1,0.0,3771.0,16304.0
1931,859074603037188101,0,0,15.0,14740.0,35553.0
1932,859196978902773760,0,0,0.0,25661.0,75193.0
1933,859607811541651456,1,4,3.0,1704.0,19476.0
1934,859851578198683649,1,0,19.0,3780.0,16105.0
1935,859924526012018688,1,0,0.0,4349.0,20021.0
1936,860184849394610176,0,0,17.0,6295.0,17474.0
1937,860276583193509888,0,0,23.0,3745.0,19154.0
1938,860524505164394496,1,0,16.0,5698.0,24678.0
1939,860563773140209665,1,0,18.0,2334.0,7878.0
1940,860924035999428608,0,,9.720160481444333,2766.753259779338,8895.725677031094
1941,861005113778896900,1,0,23.0,4119.0,17538.0
1942,861288531465048066,0,0,18.0,4479.0,18032.0
1943,861383897657036800,1,0,0.0,11528.0,37744.0
1944,861769973181624320,0,,9.720160481444333,2766.753259779338,8895.725677031094
1945,862096992088072192,1,0,0.0,21840.0,66437.0
1946,862457590147678208,0,0,0.0,5388.0,21492.0
1947,862722525377298433,1,0,17.0,3809.0,17779.0
1948,862831371563274240,1,0,0.0,5457.0,20011.0
1949,863062471531167744,1,0,16.0,2687.0,8945.0
1950,863079547188785154,1,0,17.0,1195.0,9094.0
1951,863432100342583297,1,0,16.0,5664.0,24829.0
1952,863553081350529029,1,0,0.0,4489.0,15935.0
1953,863907417377173506,0,0,0.0,4441.0,21477.0
1954,864197398364647424,1,0,19.0,9616.0,31459.0
1955,864279568663928832,1,0,0.0,3266.0,15195.0
1956,864873206498414592,0,0,16.0,9361.0,33651.0
1957,865006731092295680,1,0,0.0,8209.0,29063.0
1958,865359393868664832,1,0,0.0,5384.0,27530.0
1959,865718153858494464,1,0,23.0,6008.0,26640.0
1960,866334964761202691,1,0,16.0,15546.0,54720.0
1961,866450705531457537,1,3,0.0,32883.0,106827.0
1962,866686824827068416,1,0,16.0,3727.0,20070.0
1963,867051520902168576,1,0,16.0,8425.0,33420.0
1964,867072653475098625,1,,9.720160481444333,2766.753259779338,8895.725677031094
1965,867421006826221569,1,4,16.0,2697.0,16755.0
1966,867774946302451713,1,0,16.0,7788.0,35179.0
1967,867900495410671616,1,0,0.0,4439.0,24964.0
1968,868552278524837888,1,0,19.0,2240.0,10539.0
1969,868622495443632128,1,0,0.0,6275.0,28295.0
1970,868880397819494401,0,0,17.0,12518.0,55098.0
1971,869227993411051520,1,0,16.0,4023.0,21112.0
1972,869596645499047938,1,1,16.0,3327.0,16476.0
1973,869702957897576449,1,0,23.0,6728.0,29116.0
1974,869772420881756160,1,0,4.0,10663.0,43710.0
1975,870063196459192321,0,0,23.0,8840.0,37771.0
1976,870308999962521604,1,0,16.0,4384.0,22453.0
1977,870374049280663552,1,0,20.0,27680.0,85011.0
1978,870656317836468226,1,0,15.0,2817.0,12819.0
1979,870804317367881728,0,0,0.0,6393.0,33791.0
1980,871032628920680449,1,0,15.0,3999.0,23255.0
1981,871515927908634625,1,1,23.0,3628.0,20730.0
1982,871762521631449091,1,3,16.0,3678.0,20787.0
1983,871879754684805121,1,0,0.0,11918.0,39090.0
1984,872122724285648897,0,0,16.0,8549.0,35324.0
1985,872261713294495745,1,0,1.0,6649.0,35085.0
1986,872486979161796608,1,0,16.0,9429.0,41606.0
1987,872620804844003328,1,0,1.0,3911.0,21309.0
1988,872820683541237760,1,0,14.0,3884.0,15029.0
1989,872967104147763200,1,1,0.0,5669.0,28031.0
1990,873213775632977920,1,3,16.0,1667.0,7467.0
1991,873580283840344065,1,0,16.0,4143.0,24837.0
1992,873697596434513921,0,,9.720160481444333,2766.753259779338,8895.725677031094
1993,874012996292530176,1,4,21.0,11007.0,35501.0
1994,874057562936811520,1,0,0.0,4125.0,23134.0
1995,874296783580663808,1,3,16.0,4308.0,26651.0
1996,874680097055178752,1,0,17.0,4875.0,28439.0
1997,875021211251597312,1,0,16.0,4922.0,26022.0
1998,875144289856114688,1,0,0.0,5081.0,22185.0
1999,875747767867523072,1,0,16.0,4497.0,25773.0
2000,876120275196170240,1,0,16.0,4903.0,28490.0
2001,876484053909872640,1,0,16.0,2511.0,19163.0
2002,876838120628539392,1,3,16.0,3506.0,21125.0
2003,877201837425926144,1,0,16.0,5880.0,27755.0
2004,877316821321428993,1,0,0.0,5414.0,27907.0
2005,877556246731214848,1,0,15.0,3994.0,23258.0
2006,877611172832227328,1,,9.720160481444333,2766.753259779338,8895.725677031094
2007,877736472329191424,1,0,3.0,17300.0,71144.0
2008,878057613040115712,1,0,1.0,7181.0,42876.0
2009,878281511006478336,1,0,16.0,1349.0,7913.0
2010,878776093423087618,1,4,0.0,4319.0,19763.0
2011,879008229531029506,1,0,16.0,2812.0,19317.0
2012,879050749262655488,0,0,18.0,4941.0,23022.0
2013,879376492567855104,0,0,16.0,3261.0,17099.0
2014,879415818425184262,1,0,19.0,45849.0,107956.0
2015,879492040517615616,1,0,0.0,3323.0,23822.0
2016,879862464715927552,1,0,0.0,3642.0,22667.0
2017,880095782870896641,1,0,16.0,4533.0,28150.0
2018,880221127280381952,1,0,0.0,4436.0,27640.0
2019,880465832366813184,1,0,16.0,6546.0,29075.0
2020,880872448815771648,1,0,19.0,3989.0,21734.0
2021,880935762899988482,0,0,23.0,2886.0,17346.0
2022,881268444196462592,0,0,21.0,5358.0,23501.0
2023,881536004380872706,1,3,15.0,16570.0,50199.0
2024,881666595344535552,1,0,0.0,11099.0,51522.0
2025,881906580714921986,1,0,16.0,3533.0,24773.0
2026,882045870035918850,0,0,1.0,5203.0,29900.0
2027,882268110199369728,1,0,16.0,12118.0,45880.0
2028,882627270321602560,1,0,15.0,6342.0,28382.0
2029,882762694511734784,1,3,0.0,5134.0,28903.0
2030,882992080364220416,1,0,15.0,4122.0,24445.0
2031,883117836046086144,1,0,0.0,6949.0,37914.0
2032,883360690899218434,1,2,16.0,3825.0,22986.0
2033,883482846933004288,1,0,0.0,10407.0,46860.0
2034,883838122936631299,1,0,0.0,3586.0,22349.0
2035,884162670584377345,1,1,21.0,3128.0,20771.0
2036,884441805382717440,1,0,15.0,5856.0,27478.0
2037,884562892145688576,1,0,0.0,5100.0,24765.0
2038,884876753390489601,1,0,20.0,6096.0,28514.0
2039,884925521741709313,1,0,0.0,16439.0,68152.0
2040,885167619883638784,1,0,16.0,4556.0,22367.0
2041,885311592912609280,1,,9.720160481444333,2766.753259779338,8895.725677031094
2042,885528943205470208,1,0,15.0,6683.0,36689.0
2043,885984800019947520,1,0,22.0,7097.0,33382.0
2044,886258384151887873,1,0,16.0,6523.0,28469.0
2045,886366144734445568,1,3,23.0,3316.0,21524.0
2046,886680336477933568,0,0,20.0,4610.0,22798.0
2047,886736880519319552,1,0,23.0,3443.0,12306.0
2048,886983233522544640,1,0,16.0,8084.0,35859.0
2049,887101392804085760,1,0,0.0,6167.0,31061.0
2050,887343217045368832,1,0,16.0,10737.0,34222.0
2051,887473957103951883,1,0,0.0,18781.0,69871.0
2052,887517139158093824,0,0,3.0,12082.0,46959.0
2053,887705289381826560,1,0,16.0,5609.0,30779.0
2054,888078434458587136,1,0,16.0,3653.0,22201.0
2055,888202515573088257,1,,9.720160481444333,2766.753259779338,8895.725677031094
2056,888554962724278272,1,0,0.0,3732.0,20290.0
2057,888804989199671297,1,0,16.0,4559.0,26080.0
2058,888917238123831296,1,0,0.0,4709.0,29611.0
2059,889278841981685760,1,0,0.0,5637.0,25652.0
2060,889531135344209921,1,4,17.0,2321.0,15359.0
2061,889638837579907072,1,0,0.0,4735.0,27672.0
2062,889665388333682689,1,4,1.0,8538.0,38818.0
2063,889880896479866881,1,0,16.0,5156.0,28268.0
2064,890006608113172480,1,0,0.0,7624.0,31166.0
2065,890240255349198849,1,1,15.0,7711.0,32467.0
2066,890609185150312448,1,0,16.0,4429.0,28226.0
2067,890729181411237888,1,0,0.0,16716.0,56848.0
2068,890971913173991426,1,0,16.0,2158.0,12041.0
2069,891087950875897856,1,0,0.0,3261.0,20562.0
2070,891327558926688256,1,0,16.0,9774.0,41048.0
2071,891689557279858688,0,0,15.0,8964.0,42908.0
2072,891815181378084864,1,0,0.0,4328.0,25461.0
2073,892177421306343426,1,0,0.0,6514.0,33819.0
2074,892420643555336193,0,0,16.0,8853.0,39467.0
